"branch_id","title","descriptions","start_datetime","end_datetime","created_at","updated_at"
"11","System",\N,"2018-12-31 00:00:00","2018-12-31 23:59:59","2020-12-20 21:52:01","2020-12-20 21:52:05"
"11","System",\N,"2019-12-31 00:00:00","2019-12-31 23:59:59","2020-12-20 21:52:17","2020-12-20 21:52:21"
"11","Movement Control Order",\N,"2020-03-12 00:00:00","2020-06-28 23:59:59","2020-12-20 21:54:06","2020-12-20 21:59:24"
"11","Conditional MCO",\N,"2020-08-01 00:00:00","2020-08-31 23:59:59","2020-12-20 21:54:38","2020-12-20 21:59:25"
"11","Conditional MCO 2",\N,"2020-10-31 00:00:00","2020-11-26 23:59:59","2020-12-20 21:55:15","2021-01-28 12:04:10"
"11","MCO Free One Week",\N,"2020-06-29 00:00:00","2020-07-05 23:59:59","2020-12-20 21:58:52","2020-12-23 17:45:59"
"5","Centre Holiday",\N,"2018-12-17 00:00:00","2018-12-24 23:59:59","2020-12-23 15:59:04","2020-12-23 15:59:11"
"5","Centre Holiday 1",\N,"2019-02-04 00:00:00","2019-02-10 23:59:59","2020-12-23 15:59:53","2020-12-23 16:01:06"
"5","Centre Holiday 2",\N,"2019-06-03 00:00:00","2019-06-09 23:59:59","2020-12-23 16:00:28","2020-12-23 16:01:06"
"5","Centre Holiday 3",\N,"2019-12-17 00:00:00","2019-12-31 23:59:59","2020-12-23 16:00:58","2020-12-23 16:01:06"
"11","Centre Holiday",\N,"2020-12-21 00:00:00","2020-12-31 23:59:59","2020-12-23 17:52:56","2020-12-23 17:52:56"
"11","Centre Holiday 1",\N,"2021-01-01 00:00:00","2021-01-03 23:59:59","2020-12-23 17:56:43","2020-12-23 18:02:00"
"11","Centre Holiday 2",\N,"2021-02-10 00:00:00","2021-02-16 23:59:59","2020-12-23 17:57:07","2020-12-23 18:02:00"
"11","Centre Holiday 3",\N,"2021-05-13 00:00:00","2021-05-14 23:59:59","2020-12-23 17:58:19","2020-12-23 18:01:14"
"11","Centre Holiday 3",\N,"2021-05-10 00:00:00","2021-05-16 23:59:59","2020-12-23 17:59:53","2021-04-28 13:07:12"
"11","Centre Holiday 4",\N,"2021-12-20 00:00:00","2021-12-31 23:59:59","2020-12-23 18:01:47","2020-12-23 18:02:00"
"5","Chinese New Year",\N,"2020-01-23 00:00:00","2020-01-29 23:59:59","2020-12-30 21:57:18","2020-12-30 21:59:12"
"5","MCO",\N,"2020-03-12 00:00:00","2020-06-28 23:59:59","2020-12-30 21:57:56","2020-12-30 21:59:12"
"5","MCO free",\N,"2020-06-29 00:00:00","2020-07-05 23:59:59","2020-12-30 21:58:24","2020-12-30 21:59:12"
"5","CMCO",\N,"2020-10-05 00:00:00","2020-12-31 23:59:59","2020-12-30 21:58:53","2021-01-01 01:36:38"
"5","Centre Holiday",\N,"2020-12-21 00:00:00","2020-12-31 23:59:59","2020-12-30 21:59:09","2021-01-01 01:36:40"
"5","CMCO",\N,"2021-01-01 00:00:00","2021-01-03 23:59:59","2020-12-30 21:59:42","2021-01-16 14:58:31"
"5","Chinese New Year",\N,"2021-02-10 00:00:00","2021-02-16 23:59:59","2020-12-30 22:00:06","2020-12-30 22:02:00"
"5","Hari Raya",\N,"2021-05-13 00:00:00","2021-05-14 23:59:59","2020-12-30 22:00:47","2021-01-07 19:18:51"
"5","Centre Holiday",\N,"2021-06-07 00:00:00","2021-06-13 23:59:59","2020-12-30 22:01:12","2020-12-30 22:02:00"
"5","Deepavali",\N,"2021-11-04 00:00:00","2021-11-04 23:59:59","2020-12-30 22:01:28","2021-01-07 19:19:04"
"5","Centre Holiday",\N,"2021-12-20 00:00:00","2021-12-31 23:59:59","2020-12-30 22:01:56","2021-01-01 01:36:22"
"6","Centre Holiday",\N,"2018-12-17 00:00:00","2018-12-24 23:59:59","2021-01-01 16:12:36","2021-01-01 16:12:56"
"7","Centre Holiday 1",\N,"2018-12-18 00:00:00","2018-12-31 23:59:59","2021-01-01 16:13:05","2021-01-01 16:13:53"
"6","Centre Holiday 1",\N,"2019-02-04 00:00:00","2019-02-10 23:59:59","2021-01-01 16:13:18","2021-01-01 16:14:19"
"6","Centre Holiday 2",\N,"2019-06-03 00:00:00","2019-06-09 23:59:59","2021-01-01 16:14:00","2021-01-01 16:14:19"
"6","Centre Holiday 3",\N,"2019-12-17 00:00:00","2019-12-31 23:59:59","2021-01-01 16:14:17","2021-01-01 16:14:19"
"7","Centre Holiday 1",\N,"2019-02-04 00:00:00","2019-02-10 23:59:59","2021-01-01 16:14:35","2021-01-01 16:26:15"
"6","Chinese New Year",\N,"2020-01-23 00:00:00","2020-01-29 23:59:59","2021-01-01 16:14:50","2021-01-01 16:16:08"
"6","MCO",\N,"2020-03-12 00:00:00","2020-06-28 23:59:59","2021-01-01 16:15:10","2021-01-01 16:16:08"
"6","MCO Free",\N,"2020-06-29 00:00:00","2020-07-05 23:59:59","2021-01-01 16:15:27","2021-01-01 16:16:08"
"7","Chinese New Year",\N,"2020-01-23 00:00:00","2020-01-29 23:59:59","2021-01-01 16:15:28","2021-01-01 16:30:28"
"6","CMCO",\N,"2020-10-05 00:00:00","2020-12-20 23:59:59","2021-01-01 16:15:47","2021-01-01 16:16:08"
"6","Centre Holiday",\N,"2020-12-21 00:00:00","2020-12-31 23:59:59","2021-01-01 16:16:02","2021-01-01 16:16:08"
"6","Centre Holiday 2020",\N,"2021-01-01 00:00:00","2021-01-03 23:59:59","2021-01-01 16:16:46","2021-01-01 16:19:17"
"6","Chinese New Year",\N,"2021-02-10 00:00:00","2021-02-16 23:59:59","2021-01-01 16:17:39","2021-01-01 16:19:17"
"6","Hari Raya",\N,"2021-05-13 00:00:00","2021-05-14 23:59:59","2021-01-01 16:17:59","2021-01-01 17:01:12"
"6","Centre Holiday",\N,"2021-06-07 00:00:00","2021-06-13 23:59:59","2021-01-01 16:18:21","2021-01-01 16:19:17"
"6","Deepavali",\N,"2021-11-04 00:00:00","2021-11-04 23:59:59","2021-01-01 16:18:39","2021-01-01 17:01:17"
"6","Centre Holiday",\N,"2021-12-20 00:00:00","2021-12-31 23:59:59","2021-01-01 16:19:05","2021-01-01 16:19:17"
"7","Centre Holiday 2",\N,"2019-06-03 00:00:00","2019-06-09 23:59:59","2021-01-01 16:26:35","2021-01-01 16:26:35"
"7","Centre Holiday 3",\N,"2019-12-17 00:00:00","2019-12-31 23:59:59","2021-01-01 16:29:57","2021-01-01 16:29:57"
"7","MCO",\N,"2020-03-12 00:00:00","2020-06-28 23:59:59","2021-01-01 16:30:48","2021-01-01 16:30:48"
"7","MCO Free",\N,"2020-06-29 00:00:00","2020-07-05 23:59:59","2021-01-01 16:31:13","2021-01-01 16:31:13"
"7","CMCO",\N,"2020-10-05 00:00:00","2020-12-20 23:59:59","2021-01-01 16:31:32","2021-01-01 16:37:45"
"7","Centre Holiday",\N,"2020-12-21 00:00:00","2020-12-31 23:59:59","2021-01-01 16:37:56","2021-01-01 16:37:56"
"7","Centre Holiday 2020",\N,"2021-01-01 00:00:00","2021-01-03 23:59:59","2021-01-01 16:39:58","2021-01-01 16:46:39"
"7","Chinese New Year",\N,"2021-02-10 00:00:00","2021-02-16 23:59:59","2021-01-01 16:40:29","2021-01-01 16:46:39"
"7","Hari Raya",\N,"2021-05-13 00:00:00","2021-05-14 23:59:59","2021-01-01 16:43:12","2021-01-01 17:01:00"
"7","Centre Holiday",\N,"2021-06-07 00:00:00","2021-06-13 23:59:59","2021-01-01 16:44:46","2021-01-01 16:46:39"
"7","Deepavali",\N,"2021-11-04 00:00:00","2021-11-04 23:59:59","2021-01-01 16:45:30","2021-01-01 17:01:03"
"7","Centre Holiday",\N,"2021-12-20 00:00:00","2021-12-31 23:59:59","2021-01-01 16:46:01","2021-01-01 16:46:39"
"4","Centre Holidays",\N,"2018-12-17 00:00:00","2018-12-31 23:59:59","2021-01-01 16:49:54","2021-01-01 16:50:48"
"4","Centre Holidays",\N,"2019-02-04 00:00:00","2019-02-10 23:59:59","2021-01-01 16:51:25","2021-01-01 16:54:14"
"4","Centre Holidays",\N,"2019-06-03 00:00:00","2019-06-09 23:59:59","2021-01-01 16:51:49","2021-01-01 16:54:14"
"4","Centre Holidays",\N,"2019-12-17 00:00:00","2019-12-31 23:59:59","2021-01-01 16:53:57","2021-01-01 16:54:14"
"4","CNY Centre Holidays",\N,"2020-01-23 00:00:00","2020-01-29 23:59:59","2021-01-01 16:54:51","2021-01-01 16:57:23"
"4","MCO",\N,"2020-03-12 00:00:00","2020-06-28 23:59:59","2021-01-01 16:55:13","2021-01-01 16:57:23"
"4","MCO Free",\N,"2020-06-29 00:00:00","2020-07-05 23:59:59","2021-01-01 16:55:37","2021-01-01 16:57:23"
"4","CMCO",\N,"2020-10-05 00:00:00","2020-12-20 23:59:59","2021-01-01 16:56:32","2021-01-01 16:57:23"
"4","Centre Holidays",\N,"2020-12-21 00:00:00","2020-12-31 23:59:59","2021-01-01 16:56:42","2021-01-01 16:57:23"
"4","Centre Holiday 2020",\N,"2021-01-01 00:00:00","2021-01-03 23:59:59","2021-01-01 16:59:06","2021-03-18 23:25:22"
"4","CNY Centre Holiday",\N,"2021-02-10 00:00:00","2021-02-16 23:59:59","2021-01-01 16:59:53","2021-01-01 17:02:31"
"4","Hari Raya",\N,"2021-05-13 00:00:00","2021-05-14 23:59:59","2021-01-01 17:00:54","2021-01-01 17:08:50"
"4","Centre Holiday",\N,"2021-06-07 00:00:00","2021-06-13 23:59:59","2021-01-01 17:01:23","2021-01-01 17:02:31"
"4","Deepavali",\N,"2021-11-04 00:00:00","2021-11-04 23:59:59","2021-01-01 17:01:50","2021-01-01 17:08:53"
"4","Centre Holiday",\N,"2021-12-20 00:00:00","2021-12-31 23:59:59","2021-01-01 17:02:11","2021-01-01 17:02:31"
"2","Centre holiday",\N,"2018-12-17 00:00:00","2018-12-24 23:59:59","2021-01-01 20:46:26","2021-01-01 23:38:43"
"2","Centre Holiday 1",\N,"2019-02-04 00:00:00","2019-02-10 23:59:59","2021-01-01 20:47:54","2021-01-01 23:38:53"
"2","Centre Holiday 2",\N,"2019-06-03 00:00:00","2019-06-09 23:59:59","2021-01-01 20:48:21","2021-01-01 23:38:53"
"2","Centre Holiday 3",\N,"2019-12-17 00:00:00","2019-12-31 23:59:59","2021-01-01 20:48:42","2021-01-01 23:38:53"
"2","Chinese New Year",\N,"2020-01-23 00:00:00","2020-01-29 23:59:59","2021-01-01 20:51:01","2021-01-01 23:39:00"
"2","MCO",\N,"2020-03-12 00:00:00","2020-06-28 23:59:59","2021-01-01 20:51:39","2021-01-01 23:39:00"
"2","MCO Free",\N,"2020-06-29 00:00:00","2020-07-05 23:59:59","2021-01-01 20:52:16","2021-01-01 23:39:00"
"2","CMCO",\N,"2020-10-05 00:00:00","2020-12-31 23:59:59","2021-01-01 20:52:38","2021-01-01 23:39:00"
"2","CMCO",\N,"2021-01-01 00:00:00","2021-01-04 23:59:59","2021-01-01 20:53:04","2021-01-01 23:39:08"
"2","Chinese New Year",\N,"2021-02-10 00:00:00","2021-02-16 23:59:59","2021-01-01 20:53:26","2021-01-01 23:39:08"
"2","Centre Holiday 1",\N,"2021-06-07 00:00:00","2021-06-13 23:59:59","2021-01-01 20:53:50","2021-01-01 23:39:08"
"2","Centre Holiday 2",\N,"2021-12-20 00:00:00","2021-12-31 23:59:59","2021-01-01 20:54:09","2021-01-01 23:39:08"
"3","Centre Holiday 2018",\N,"2018-12-01 00:00:00","2018-12-30 23:59:59","2021-01-01 21:34:19","2021-01-01 22:10:17"
"3","CNY 2019",\N,"2019-02-04 00:00:00","2019-02-10 23:59:59","2021-01-01 23:26:13","2021-01-01 23:52:21"
"3","Raya2019",\N,"2019-06-03 00:00:00","2019-06-09 23:59:59","2021-01-01 23:46:15","2021-01-01 23:52:21"
"3","Dec2019",\N,"2019-12-17 00:00:00","2019-12-31 23:59:59","2021-01-01 23:46:38","2021-01-01 23:52:21"
"3","CNY2020",\N,"2020-01-23 00:00:00","2020-01-29 23:59:59","2021-01-01 23:52:53","2021-01-02 00:03:23"
"3","MCO",\N,"2020-03-12 00:00:00","2020-06-28 23:59:59","2021-01-02 00:01:29","2021-01-02 00:03:23"
"3","MCO Free",\N,"2020-06-29 00:00:00","2020-07-05 23:59:59","2021-01-02 00:02:12","2021-01-02 00:03:23"
"3","CMCO",\N,"2020-10-05 00:00:00","2020-12-31 23:59:59","2021-01-02 00:02:36","2021-01-02 00:03:23"
"3","CMCO",\N,"2021-01-01 00:00:00","2021-01-04 23:59:59","2021-01-02 00:03:49","2021-01-02 00:25:54"
"3","CNY2021",\N,"2021-02-10 00:00:00","2021-02-16 23:59:59","2021-01-02 00:24:04","2021-01-02 00:25:54"
"3","Centre Holiday 2021",\N,"2021-06-07 00:00:00","2021-06-13 23:59:59","2021-01-02 00:24:33","2021-01-02 00:25:54"
"3","Centre Holiday 2021",\N,"2021-12-20 00:00:00","2021-12-31 23:59:59","2021-01-02 00:25:09","2021-01-02 00:25:54"
"10","xx",\N,"2018-12-31 00:00:00","2018-12-31 23:59:59","2021-01-12 17:07:08","2021-01-12 17:07:19"
"10","Centre Holiday 1",\N,"2019-02-04 00:00:00","2019-02-10 23:59:59","2021-01-12 17:10:19","2021-01-12 17:11:51"
"10","Centre Holiday 2",\N,"2019-06-03 00:00:00","2019-06-09 23:59:59","2021-01-12 17:10:36","2021-01-12 17:11:51"
"10","Centre Holiday 3",\N,"2019-12-17 00:00:00","2019-12-31 23:59:59","2021-01-12 17:11:44","2021-01-12 17:11:51"
"10","Centre Holiday 1",\N,"2020-01-23 00:00:00","2020-01-29 23:59:59","2021-01-12 17:12:25","2021-01-12 17:15:58"
"10","MCO",\N,"2020-03-18 00:00:00","2020-06-28 23:59:59","2021-01-12 17:12:47","2021-01-17 22:30:29"
"10","MCO Continue",\N,"2020-06-29 00:00:00","2020-08-01 23:59:59","2021-01-12 17:13:04","2021-04-13 13:22:50"
"10","CMCO",\N,"2020-11-01 00:00:00","2020-12-31 23:59:59","2021-01-12 17:13:25","2021-04-13 13:24:46"
"2","MCO 2.0",\N,"2021-01-11 00:00:00","2021-02-09 23:59:59","2021-01-16 14:56:06","2021-02-24 16:29:17"
"3","MCO 2.0",\N,"2021-01-11 00:00:00","2021-02-09 23:59:59","2021-01-16 14:56:55","2021-02-24 16:43:01"
"4","MCO 2.0",\N,"2021-01-11 00:00:00","2021-02-09 23:59:59","2021-01-16 14:58:02","2021-02-24 17:05:19"
"5","MCO 2.0",\N,"2021-01-11 00:00:00","2021-02-09 23:59:59","2021-01-16 15:00:23","2021-03-02 09:42:31"
"6","MCO 2.0",\N,"2021-01-11 00:00:00","2021-02-09 23:59:59","2021-01-16 15:01:45","2021-03-02 09:44:32"
"7","MCO 2.0",\N,"2021-01-11 00:00:00","2021-02-09 23:59:59","2021-01-16 15:02:30","2021-02-24 22:41:43"
"10","Centre Holiday 1",\N,"2021-01-01 00:00:00","2021-01-03 23:59:59","2021-01-16 22:01:17","2021-01-16 22:02:08"
"10","MCO 2.0",\N,"2021-01-11 00:00:00","2021-01-24 23:59:59","2021-01-16 22:01:50","2021-04-13 13:36:46"
"12","xx",\N,"2018-12-31 00:00:00","2018-12-31 23:59:59","2021-01-17 21:27:42","2021-01-17 21:28:25"
"12","Centre Holiday 1",\N,"2019-02-04 00:00:00","2019-02-10 23:59:59","2021-01-17 21:36:11","2021-01-17 21:36:59"
"12","Centre Holiday 2",\N,"2019-06-03 00:00:00","2019-06-09 23:59:59","2021-01-17 21:36:32","2021-01-17 21:36:59"
"12","Centre Holiday 3",\N,"2019-12-17 00:00:00","2019-12-31 23:59:59","2021-01-17 21:36:56","2021-01-17 21:36:59"
"12","Centre Holiday 1",\N,"2020-01-23 00:00:00","2020-01-29 23:59:59","2021-01-17 21:38:48","2021-01-19 19:37:52"
"12","MCO",\N,"2020-03-18 00:00:00","2020-06-28 23:59:59","2021-01-17 22:34:12","2021-01-19 19:37:52"
"12","MCO Free",\N,"2020-06-29 00:00:00","2020-07-05 23:59:59","2021-01-17 22:34:31","2021-01-30 14:04:08"
"12","CMCO",\N,"2020-10-26 00:00:00","2020-12-31 23:59:59","2021-01-17 22:35:14","2021-01-30 14:04:51"
"9","Centre holiday",\N,"2018-12-25 00:00:00","2018-12-31 23:59:59","2021-01-19 12:12:11","2021-01-19 12:13:48"
"9","Centre holiday 1",\N,"2019-02-04 00:00:00","2019-02-10 23:59:59","2021-01-19 12:14:30","2021-01-19 12:19:08"
"9","Centre holiday 2",\N,"2019-06-03 00:00:00","2019-06-09 23:59:59","2021-01-19 12:18:22","2021-01-19 12:19:08"
"9","Centre holiday",\N,"2019-12-24 00:00:00","2019-12-31 23:59:59","2021-01-19 12:19:03","2021-01-21 21:10:32"
"9","Chinese New Year",\N,"2020-01-23 00:00:00","2020-01-29 23:59:59","2021-01-19 12:20:04","2021-01-19 12:22:05"
"9","MCO",\N,"2020-03-12 00:00:00","2020-06-28 23:59:59","2021-01-19 12:20:41","2021-01-19 12:22:05"
"9","MCO free",\N,"2020-06-29 00:00:00","2020-07-05 23:59:59","2021-01-19 12:21:29","2021-01-19 12:22:05"
"9","CMCO",\N,"2020-10-05 00:00:00","2020-12-31 23:59:59","2021-01-19 12:21:58","2021-01-19 12:22:05"
"9","CMCO",\N,"2021-01-01 00:00:00","2021-01-04 23:59:59","2021-01-19 12:22:41","2021-01-19 12:25:06"
"9","Chinese New Year",\N,"2021-02-10 00:00:00","2021-02-16 23:59:59","2021-01-19 12:23:27","2021-01-19 12:25:06"
"9","Hari Raya",\N,"2021-06-07 00:00:00","2021-06-13 23:59:59","2021-01-19 12:24:27","2021-01-19 12:25:06"
"9","Centre holiday",\N,"2021-12-20 00:00:00","2021-12-31 23:59:59","2021-01-19 12:25:00","2021-01-19 12:25:06"
"9","MCO 2.0",\N,"2021-01-11 00:00:00","2021-02-10 23:59:59","2021-01-19 12:38:19","2021-03-10 20:52:47"
"12","Centre Holiday 1",\N,"2021-01-01 00:00:00","2021-01-03 23:59:59","2021-01-19 19:38:13","2021-01-19 19:44:22"
"12","MCO 2.0",\N,"2021-01-18 00:00:00","2021-02-09 23:59:59","2021-01-19 19:38:36","2021-01-30 14:48:35"
"12","Chinese New Year",\N,"2021-02-10 00:00:00","2021-02-16 23:59:59","2021-01-19 19:43:26","2021-01-19 19:44:22"
"12","Hari Raya",\N,"2021-06-07 00:00:00","2021-06-13 23:59:59","2021-01-19 19:43:53","2021-01-19 19:44:22"
"12","Centre Holiday 2",\N,"2021-12-20 00:00:00","2021-12-31 23:59:59","2021-01-19 19:44:15","2021-01-19 19:44:22"
"8","centre holiday",\N,"2018-12-17 00:00:00","2018-12-28 23:59:59","2021-01-19 20:30:43","2021-01-19 20:31:47"
"8","Centre Holidays",\N,"2019-02-04 00:00:00","2019-02-10 23:59:59","2021-01-19 20:33:58","2021-01-19 20:36:24"
"8","Centre Holidays",\N,"2019-06-03 00:00:00","2019-06-09 23:59:59","2021-01-19 20:35:00","2021-01-19 20:36:24"
"8","Centre Holidays",\N,"2019-12-17 00:00:00","2019-12-31 23:59:59","2021-01-19 20:35:25","2021-01-19 20:36:24"
"8","Chinese New Year",\N,"2020-01-23 00:00:00","2020-01-29 23:59:59","2021-01-19 20:37:33","2021-01-19 20:47:59"
"8","MCO",\N,"2020-03-18 00:00:00","2020-06-28 23:59:59","2021-01-19 20:39:44","2021-01-19 21:06:42"
"8","MCO Free Class",\N,"2020-06-29 00:00:00","2020-07-05 23:59:59","2021-01-19 20:40:32","2021-01-27 18:32:45"
"8","RMCO",\N,"2020-10-05 00:00:00","2020-10-18 23:59:59","2021-01-19 20:45:00","2021-01-21 15:58:41"
"8","Centre Holidays",\N,"2020-12-28 00:00:00","2020-12-31 23:59:59","2021-01-19 20:46:10","2021-01-21 15:55:44"
"8","Centre Holiday",\N,"2021-01-01 00:00:00","2021-01-03 23:59:59","2021-01-19 20:48:40","2021-01-27 20:31:27"
"8","Chinese New Year",\N,"2021-02-15 00:00:00","2021-02-16 23:59:59","2021-01-19 20:49:35","2021-01-27 20:29:08"
"8","Centre Holiday",\N,"2021-06-07 00:00:00","2021-06-13 23:59:59","2021-01-19 20:50:15","2021-01-27 20:30:47"
"8","Centre Holiday",\N,"2021-12-20 00:00:00","2021-12-31 23:59:59","2021-01-19 20:50:51","2021-01-27 20:31:47"
"8","Hari Raya",\N,"2021-05-13 00:00:00","2021-05-14 23:59:59","2021-01-19 20:53:12","2021-01-19 21:08:37"
"8","Deepavali",\N,"2021-11-04 00:00:00","2021-11-04 23:59:59","2021-01-19 20:53:57","2021-01-19 21:08:47"
"8","MCO 2.0",\N,"2021-01-11 00:00:00","2021-02-14 23:59:59","2021-01-19 21:10:05","2021-01-27 20:29:55"
"11","MCO 2.0",\N,"2021-01-11 00:00:00","2021-02-09 23:59:59","2021-01-20 10:33:02","2021-01-28 11:58:31"
"1","xx",\N,"2018-12-31 00:00:00","2018-12-31 23:59:59","2021-01-21 17:01:48","2021-01-21 17:01:51"
"1","Centre Holiday 1",\N,"2019-02-04 00:00:00","2019-02-10 23:59:59","2021-01-21 17:03:48","2021-01-21 17:03:58"
"1","Centre Holiday 1",\N,"2019-02-04 00:00:00","2019-02-10 23:59:59","2021-01-21 17:04:21","2021-01-21 17:05:25"
"1","Centre Holiday 2",\N,"2019-06-03 00:00:00","2019-06-16 23:59:59","2021-01-21 17:04:44","2021-01-21 17:05:25"
"1","Centre Holiday 3",\N,"2019-12-17 00:00:00","2019-12-31 23:59:59","2021-01-21 17:05:21","2021-01-21 17:05:25"
"1","Centre Holiday 1",\N,"2020-01-23 00:00:00","2020-01-29 23:59:59","2021-01-21 17:06:17","2021-01-21 17:09:25"
"1","MCO",\N,"2020-03-12 00:00:00","2020-06-28 23:59:59","2021-01-21 17:06:53","2021-01-21 17:09:25"
"1","MCO Free",\N,"2020-06-29 00:00:00","2020-07-05 23:59:59","2021-01-21 17:08:06","2021-01-21 17:09:25"
"1","Centre Holiday 2",\N,"2020-12-28 00:00:00","2020-12-31 23:59:59","2021-01-21 17:08:28","2021-01-21 17:09:25"
"1","CMCO",\N,"2020-10-05 00:00:00","2020-12-27 23:59:59","2021-01-21 17:09:20","2021-01-21 17:09:25"
"1","Centre Holiday 1",\N,"2021-01-01 00:00:00","2021-01-03 23:59:59","2021-01-21 17:09:58","2021-01-21 17:11:15"
"1","Centre Holiday 2",\N,"2021-02-10 00:00:00","2021-03-07 23:59:59","2021-01-21 17:10:23","2021-03-10 20:23:43"
"1","Centre Holiday 3",\N,"2021-06-07 00:00:00","2021-06-13 23:59:59","2021-01-21 17:10:44","2021-01-21 17:11:15"
"1","Centre Holiday 4",\N,"2021-12-20 00:00:00","2021-12-31 23:59:59","2021-01-21 17:11:03","2021-01-21 17:11:15"
"1","MCO 2.0",\N,"2021-01-11 00:00:00","2021-02-09 23:59:59","2021-01-21 17:12:46","2021-02-24 16:28:44"
"11","MCO 2.0",\N,"2021-02-17 00:00:00","2021-02-19 23:59:59","2021-01-28 11:56:59","2021-02-16 18:34:09"
"8","MCO 2.0",\N,"2021-02-17 00:00:00","2021-03-14 23:59:59","2021-02-16 18:56:48","2021-03-10 20:25:37"
"12","MCO 2.0",\N,"2021-02-17 00:00:00","2021-02-21 23:59:59","2021-02-17 12:33:27","2021-03-10 21:01:49"
"3","MCO 2.0",\N,"2021-02-17 00:00:00","2021-03-07 23:59:59","2021-02-24 16:29:34","2021-03-02 13:23:49"
"2","MCO 2.0",\N,"2021-02-17 00:00:00","2021-03-07 23:59:59","2021-02-24 16:42:18","2021-03-02 13:19:42"
"4","MCO 2.0",\N,"2021-02-17 00:00:00","2021-03-07 23:59:59","2021-02-24 17:07:03","2021-03-02 13:32:06"
"5","Autograph Event","Dr Elaine Loo Autograph","2021-02-25 12:00:00","2021-02-25 12:10:00","2021-02-24 18:47:48","2021-02-24 18:48:32"
"7","MCO 2.0",\N,"2021-02-17 00:00:00","2021-03-07 23:59:59","2021-02-24 22:43:21","2021-03-02 13:46:45"
"5","MCO 2.0",\N,"2021-02-17 00:00:00","2021-03-07 23:59:59","2021-03-02 09:47:26","2021-03-02 13:33:22"
"6","MCO 2.0",\N,"2021-02-17 00:00:00","2021-03-07 23:59:59","2021-03-02 13:35:54","2021-03-02 13:35:54"
"9","MCO 2.0",\N,"2021-02-17 00:00:00","2021-03-07 23:59:59","2021-03-10 20:55:24","2021-03-10 20:55:24"
"10","Centre Holiday 3",\N,"2021-06-07 00:00:00","2021-06-13 23:59:59","2021-03-11 17:57:08","2021-03-11 17:57:08"
"10","Centre Holiday 2",\N,"2021-02-10 00:00:00","2021-02-16 23:59:59","2021-03-11 17:57:57","2021-04-13 13:35:38"
"10","MCO 2.0",\N,"2021-01-04 00:00:00","2021-02-28 23:59:59","2021-03-11 18:00:39","2021-04-13 13:37:33"
"10","Centre Holiday 4",\N,"2021-12-20 00:00:00","2021-12-31 23:59:59","2021-03-11 18:03:30","2021-03-11 18:04:08"
"13","XX",\N,"2018-12-31 00:00:00","2018-12-31 23:59:59","2021-03-21 15:40:30","2021-03-21 15:40:33"
"13","2019",\N,"2019-12-31 00:00:00","2019-12-31 23:59:59","2021-03-21 15:52:07","2021-03-21 15:52:13"
"13","2020",\N,"2020-12-31 00:00:00","2020-12-31 23:59:59","2021-03-21 15:52:30","2021-03-21 15:52:37"
"13","Centre Holiday 3",\N,"2021-06-07 00:00:00","2021-06-13 23:59:59","2021-03-21 15:53:13","2021-03-21 15:55:49"
"13","Centre Holiday 4",\N,"2021-12-20 00:00:00","2021-12-31 23:59:59","2021-03-21 15:53:45","2021-03-21 15:55:49"
"3","Centre Holiday",\N,"2022-01-01 00:00:00","2022-01-02 23:59:59","2021-06-30 12:00:35","2021-06-30 12:00:39"
"2","Centre Holiday",\N,"2022-01-01 00:00:00","2022-01-02 23:59:59","2021-06-30 12:02:36","2021-06-30 12:02:40"
"4","Centre Holiday",\N,"2022-01-01 00:00:00","2022-01-02 23:59:59","2021-06-30 14:57:15","2021-06-30 14:57:25"
"5","Centre Holiday",\N,"2022-01-01 00:00:00","2022-01-02 23:59:59","2021-06-30 14:59:39","2021-06-30 15:06:52"
"6","Centre Holiday",\N,"2022-01-01 00:00:00","2022-01-02 23:59:59","2021-06-30 17:25:42","2021-06-30 17:25:47"
"7","Centre Holiday",\N,"2022-01-01 00:00:00","2022-01-02 23:59:59","2021-06-30 19:52:44","2021-06-30 19:52:48"
"13","Centre Holiday 1",\N,"2022-01-01 00:00:00","2022-01-02 23:59:59","2021-07-29 14:14:13","2021-07-29 14:14:16"
"12","Centre Holiday 1",\N,"2022-01-01 00:00:00","2022-01-02 23:59:59","2021-07-29 20:45:38","2021-07-29 20:52:02"
"8","Centre Holiday 1",\N,"2022-01-01 00:00:00","2022-01-02 23:59:59","2021-07-29 22:28:36","2021-07-29 22:28:42"
"9","Centre Holiday 1",\N,"2022-01-01 00:00:00","2022-01-02 23:59:59","2021-07-30 22:36:57","2021-07-30 22:37:00"
"3","Centre Holiday 1",\N,"2022-01-30 00:00:00","2022-02-05 23:59:59","2021-12-19 16:52:00","2021-12-19 16:52:00"
"3","Centre Holiday 2",\N,"2022-06-05 00:00:00","2022-06-11 23:59:59","2021-12-19 18:37:39","2021-12-19 18:37:39"
"1","Centre Holiday 1",\N,"2022-01-30 00:00:00","2022-02-05 23:59:59","2022-01-05 16:26:07","2022-01-05 16:48:19"
"1","Centre Holiday 2",\N,"2022-06-05 00:00:00","2022-06-11 23:59:59","2022-01-05 16:26:35","2022-01-05 16:48:35"
"1","Centre Holiday 3",\N,"2022-12-18 00:00:00","2022-12-31 23:59:59","2022-01-05 16:28:48","2022-01-05 16:48:47"
"1","Centre Holiday",\N,"2022-01-01 00:00:00","2022-01-02 23:59:59","2022-01-05 16:47:26","2022-01-28 22:12:13"
"2","Centre Holiday 1",\N,"2022-01-30 00:00:00","2022-02-05 23:59:59","2022-01-05 16:48:07","2022-01-05 17:06:58"
"9","Centre Holiday 2",\N,"2022-01-30 00:00:00","2022-02-05 23:59:59","2022-01-19 09:32:29","2022-01-19 09:32:29"
"12","Centre Holiday 2",\N,"2022-06-05 00:00:00","2022-06-11 23:59:59","2022-02-24 15:25:52","2022-02-24 15:25:52"
"13","Centre Holiday 2",\N,"2022-06-05 00:00:00","2022-06-11 23:59:59","2022-02-24 23:45:22","2022-02-24 23:45:22"
"13","Centre Holiday 2",\N,"2022-01-31 00:00:00","2022-02-06 23:59:59","2022-02-24 23:45:47","2022-02-24 23:45:47"
"13","Centre Holiday 3",\N,"2022-12-18 00:00:00","2022-12-31 23:59:59","2022-02-25 00:52:49","2022-02-25 00:52:49"
"4","Centre Holiday 1",\N,"2022-01-30 00:00:00","2022-02-05 23:59:59","2022-02-25 00:56:17","2022-02-25 00:56:17"
"8","Centre Holiday 1",\N,"2022-01-30 00:00:00","2022-02-05 23:59:59","2022-02-25 01:00:36","2022-02-25 01:00:36"
"5","Centre Holiday 3",\N,"2022-06-05 00:00:00","2022-06-11 23:59:59","2022-02-25 16:50:50","2022-02-25 16:50:50"
"5","Centre Holiday 2",\N,"2022-01-30 00:00:00","2022-02-05 23:59:59","2022-02-25 16:57:24","2022-02-25 16:57:24"
"5","Centre Holiday 4",\N,"2022-12-18 00:00:00","2022-12-31 23:59:59","2022-02-25 17:07:13","2022-02-25 17:07:13"
"7","Centre Holiday 2",\N,"2022-01-30 00:00:00","2022-02-05 23:59:59","2022-02-25 17:08:23","2022-02-25 17:08:23"
"11","Centre Holiday 1",\N,"2022-01-01 00:00:00","2022-01-02 23:59:59","2022-02-25 17:20:11","2022-02-25 17:22:28"
"11","Centre Holiday 2",\N,"2022-01-30 00:00:00","2022-02-05 23:59:59","2022-02-25 17:20:29","2022-02-25 17:22:28"
"11","Centre Holiday 3",\N,"2022-06-05 00:00:00","2022-06-11 23:59:59","2022-02-25 17:33:57","2022-02-25 17:35:24"
"11","Centre Holiday 3",\N,"2022-06-05 00:00:00","2022-06-11 23:59:59","2022-02-25 17:35:24","2022-02-25 17:35:24"
"8","Centre Holiday 3",\N,"2022-06-05 00:00:00","2022-06-11 23:59:59","2022-02-25 17:37:18","2022-02-25 17:37:18"
"3","Centre Holiday 3",\N,"2022-12-18 00:00:00","2022-12-31 23:59:59","2022-02-25 21:58:10","2022-02-25 21:58:10"
"4","Centre Holiday 2",\N,"2022-06-05 00:00:00","2022-06-11 23:59:59","2022-02-25 22:05:31","2022-02-25 22:05:31"
"4","Centre Holiday 3",\N,"2022-12-18 00:00:00","2022-12-31 23:59:59","2022-02-25 22:11:47","2022-02-25 22:11:47"
"7","Centre Holiday 3",\N,"2022-06-05 00:00:00","2022-06-11 23:59:59","2022-02-25 22:46:22","2022-05-31 13:12:23"
"8","Centre Holiday 3",\N,"2022-12-18 00:00:00","2022-12-31 23:59:59","2022-02-25 22:57:27","2022-02-25 22:57:27"
"9","Centre Holiday 3",\N,"2022-06-05 00:00:00","2022-06-11 23:59:59","2022-02-25 23:03:55","2022-02-25 23:03:55"
"9","Centre Holiday 4",\N,"2022-09-04 00:00:00","2022-09-10 23:59:59","2022-02-25 23:06:34","2022-02-25 23:06:34"
"9","Centre Holiday 5",\N,"2022-12-25 00:00:00","2022-12-31 23:59:59","2022-02-25 23:12:55","2022-02-25 23:12:55"
"11","Centre Holiday4",\N,"2022-12-18 00:00:00","2022-12-31 23:59:59","2022-02-25 23:15:36","2022-02-25 23:15:36"
"2","Centre Holiday 2",\N,"2022-06-05 00:00:00","2022-06-11 23:59:59","2022-05-30 11:36:21","2022-05-30 11:36:21"
"2","Centre Holiday 3",\N,"2022-12-18 00:00:00","2022-12-31 23:59:59","2022-05-30 11:48:30","2022-05-30 11:48:30"
"6","Centre Holiday 3",\N,"2022-06-05 00:00:00","2022-06-11 23:59:59","2022-05-30 13:41:58","2022-05-30 13:41:58"
"6","Centre Holiday 4",\N,"2022-12-18 00:00:00","2022-12-31 23:59:59","2022-05-30 13:43:51","2022-05-30 13:43:51"
"14","Centre Holiday 1",\N,"2018-01-01 00:00:00","2018-01-01 23:59:59","2022-09-25 18:42:41","2022-09-25 18:42:44"
"14","Centre Holiday 1",\N,"2019-01-01 00:00:00","2019-01-01 23:59:59","2022-09-25 18:43:01","2022-09-25 18:43:03"
"14","Centre Holiday 1",\N,"2020-01-01 00:00:00","2020-01-01 23:59:59","2022-09-25 18:43:17","2022-09-25 18:43:20"
"14","Centre Holiday 1",\N,"2021-01-01 00:00:00","2021-01-01 23:59:59","2022-09-25 18:43:36","2022-09-25 18:44:23"
"14","Centre Holiday 1",\N,"2022-01-01 00:00:00","2022-01-02 23:59:59","2022-09-25 18:51:47","2022-09-25 19:36:07"
"14","Centre Holiday 2",\N,"2022-01-30 00:00:00","2022-02-05 23:59:59","2022-09-25 19:36:47","2022-09-25 19:36:47"
"14","Centre Holiday 3",\N,"2022-06-05 00:00:00","2022-06-11 23:59:59","2022-09-25 19:37:07","2022-09-25 19:37:07"
"14","Centre Holiday 4",\N,"2022-12-18 00:00:00","2022-12-31 23:59:59","2022-09-25 19:37:29","2022-09-25 19:37:29"
"7","Centre Holiday 4",\N,"2022-12-18 00:00:00","2022-12-31 23:59:59","2022-10-01 18:00:07","2022-10-01 18:00:07"
"1","Centre Holiday 1",\N,"2023-01-21 00:00:00","2023-01-27 23:59:59","2022-10-04 15:08:50","2022-10-04 15:08:55"
"1","Graduation Event","A graduation event to invite all the graduates from De'Emcee and ProMizzion to celebrate together ~","2022-10-30 12:00:00","2022-10-30 04:00:00","2022-10-07 16:11:41","2022-10-07 16:11:41"
"3","Centre Holiday 1",\N,"2023-01-21 00:00:00","2023-01-27 23:59:59","2022-12-04 17:22:44","2022-12-04 17:26:26"
"3","Centre Holiday 2",\N,"2023-06-25 00:00:00","2023-07-01 23:59:59","2022-12-04 17:23:17","2022-12-04 17:24:09"
"3","Centre Holiday 2",\N,"2023-05-28 00:00:00","2023-06-03 23:59:59","2022-12-04 17:24:09","2023-04-16 21:05:01"
"3","Centre Holiday 3",\N,"2023-12-17 00:00:00","2023-12-31 23:59:59","2022-12-04 17:25:41","2022-12-04 17:26:26"
"2","Centre Holiday 1",\N,"2023-01-21 00:00:00","2023-01-27 23:59:59","2022-12-04 18:23:32","2022-12-04 18:26:05"
"2","Centre Holiday 2",\N,"2023-05-28 00:00:00","2023-06-03 23:59:59","2022-12-04 18:23:53","2023-04-16 21:00:05"
"2","Centre Holiday 3",\N,"2023-12-17 00:00:00","2023-12-31 23:59:59","2022-12-04 18:24:46","2022-12-04 18:26:05"
"4","Centre Holiday 1",\N,"2023-01-21 00:00:00","2023-01-27 23:59:59","2022-12-04 18:44:47","2022-12-04 20:06:47"
"4","Centre Holiday 2",\N,"2023-05-28 00:00:00","2023-06-03 23:59:59","2022-12-04 18:45:08","2023-04-16 21:06:45"
"4","Centre Holiday 3",\N,"2023-12-17 00:00:00","2023-12-31 23:59:59","2022-12-04 20:06:16","2022-12-04 20:06:47"
"5","Centre Holiday 1",\N,"2023-01-21 00:00:00","2023-01-27 23:59:59","2022-12-04 20:07:38","2022-12-04 20:09:28"
"5","Centre Holiday 2",\N,"2023-05-28 00:00:00","2023-06-03 23:59:59","2022-12-04 20:08:04","2023-04-16 21:08:05"
"5","Centre Holiday 3",\N,"2023-12-17 00:00:00","2023-12-31 23:59:59","2022-12-04 20:08:48","2022-12-04 20:09:28"
"6","Centre Holiday 1",\N,"2023-01-21 00:00:00","2023-01-27 23:59:59","2022-12-04 20:19:01","2022-12-04 20:21:19"
"6","Centre Holiday 2",\N,"2023-05-28 00:00:00","2023-06-03 23:59:59","2022-12-04 20:19:47","2023-04-16 21:11:22"
"6","Centre Holiday 3",\N,"2023-12-17 00:00:00","2023-12-31 23:59:59","2022-12-04 20:20:41","2022-12-04 20:21:19"
"7","Centre Holiday 1",\N,"2023-01-21 00:00:00","2023-01-27 23:59:59","2022-12-04 20:22:11","2022-12-04 20:23:34"
"7","Centre Holiday 2",\N,"2023-05-28 00:00:00","2023-06-03 23:59:59","2022-12-04 20:22:29","2023-04-16 21:12:36"
"7","Centre Holiday 3",\N,"2023-12-17 00:00:00","2023-12-31 23:59:59","2022-12-04 20:23:08","2022-12-04 20:23:34"
"11","Centre Holiday 1",\N,"2023-01-19 00:00:00","2023-01-25 23:59:59","2022-12-04 20:25:58","2023-01-05 12:43:14"
"11","Centre Holiday 2",\N,"2023-05-28 00:00:00","2023-06-03 23:59:59","2022-12-04 20:26:24","2022-12-04 20:27:19"
"11","Centre Holiday 3",\N,"2023-12-17 00:00:00","2023-12-31 23:59:59","2022-12-04 20:26:53","2022-12-04 20:27:19"
"13","Centre Holiday 1",\N,"2023-01-21 00:00:00","2023-01-27 23:59:59","2022-12-04 20:35:20","2022-12-04 20:37:16"
"13","Centre Holiday 2",\N,"2023-05-28 00:00:00","2023-06-03 23:59:59","2022-12-04 20:35:46","2023-05-27 11:30:07"
"13","Centre Holiday 3",\N,"2023-12-17 00:00:00","2023-12-31 23:59:59","2022-12-04 20:36:15","2022-12-04 20:37:16"
"14","Centre Holiday 1",\N,"2023-01-21 00:00:00","2023-01-27 23:59:59","2022-12-04 21:16:39","2022-12-04 21:17:45"
"14","Centre Holiday 2",\N,"2023-04-17 00:00:00","2023-04-23 23:59:59","2022-12-04 21:17:00","2023-04-18 20:43:52"
"14","Centre Holiday 3",\N,"2023-12-17 00:00:00","2023-12-31 23:59:59","2022-12-04 21:17:31","2022-12-04 21:17:45"
"9","Centre Holiday 1",\N,"2023-01-21 00:00:00","2023-01-27 23:59:59","2022-12-08 20:41:13","2022-12-08 20:41:16"
"8","Centre Holiday 1",\N,"2023-01-21 00:00:00","2023-01-27 23:59:59","2022-12-08 20:42:41","2022-12-08 20:46:18"
"8","Centre Holiday 2",\N,"2023-05-28 00:00:00","2023-06-03 23:59:59","2022-12-08 20:42:57","2022-12-08 20:46:18"
"8","Centre Holiday 3",\N,"2023-12-17 00:00:00","2023-12-31 23:59:59","2022-12-08 20:45:32","2022-12-08 20:46:18"
"16","Centre Holiday 1",\N,"2018-12-31 00:00:00","2018-12-31 23:59:59","2023-02-13 22:11:07","2023-02-13 22:11:12"
"16","Centre Holiday 1",\N,"2019-12-31 00:00:00","2019-12-31 23:59:59","2023-02-13 22:18:05","2023-02-13 22:19:14"
"16","Centre Holiday 1",\N,"2020-12-31 00:00:00","2020-12-31 23:59:59","2023-02-13 22:19:49","2023-02-13 22:23:37"
"16","Centre Holiday 1",\N,"2021-12-31 00:00:00","2021-12-31 23:59:59","2023-02-13 22:23:51","2023-02-13 22:23:53"
"16","Centre Holiday 1",\N,"2022-12-31 00:00:00","2022-12-31 23:59:59","2023-02-13 22:24:10","2023-02-13 22:24:12"
"16","Centre Holiday 1",\N,"2023-01-21 00:00:00","2023-01-27 23:59:59","2023-02-13 22:25:02","2023-02-13 22:26:12"
"16","Centre Holiday 2",\N,"2023-05-28 00:00:00","2023-06-03 23:59:59","2023-02-13 22:25:26","2023-03-07 12:00:57"
"16","Centre Holiday 3",\N,"2023-08-28 00:00:00","2023-09-03 23:59:59","2023-02-13 22:26:00","2023-03-07 12:01:55"
"16","Centre Holiday 4",\N,"2023-12-24 00:00:00","2023-12-31 23:59:59","2023-03-07 12:03:09","2023-03-07 12:03:09"
"9","Centre Holiday 2",\N,"2023-05-28 00:00:00","2023-06-03 23:59:59","2023-03-14 21:28:31","2023-03-14 21:28:31"
"9","Centre Holiday 3",\N,"2023-08-28 00:00:00","2023-09-03 23:59:59","2023-03-14 21:31:03","2023-03-14 21:31:03"
"9","Centre Holiday 4",\N,"2023-12-24 00:00:00","2023-12-31 23:59:59","2023-03-14 21:33:02","2023-03-14 21:33:02"
"15","1",\N,"2018-12-01 00:00:00","2018-12-01 23:59:59","2023-04-16 09:32:53","2023-04-16 09:32:56"
"15","Centre Holiday 1",\N,"2019-12-01 00:00:00","2019-12-01 23:59:59","2023-04-16 09:33:20","2023-04-16 09:33:24"
"15","Centre Holiday 1",\N,"2020-12-01 00:00:00","2020-12-01 23:59:59","2023-04-16 09:33:43","2023-04-16 09:33:46"
"15","Centre Holiday 1",\N,"2021-12-01 00:00:00","2021-12-01 23:59:59","2023-04-16 09:34:15","2023-04-16 09:34:19"
"15","Centre Holiday 1",\N,"2022-12-01 00:00:00","2022-12-01 23:59:59","2023-04-16 09:35:00","2023-04-16 09:35:03"
"15","Centre Holiday 1",\N,"2023-01-23 00:00:00","2023-01-29 23:59:59","2023-04-16 09:36:08","2023-04-16 09:36:12"
"17","Centre Holiday 1",\N,"2018-12-31 00:00:00","2018-12-31 23:59:59","2023-07-20 21:05:06","2023-07-20 21:05:09"
"17","Centre Holiday 1",\N,"2019-12-31 00:00:00","2019-12-31 23:59:59","2023-07-20 21:05:36","2023-07-20 21:05:42"
"17","Centre Holiday 1",\N,"2020-12-31 00:00:00","2020-12-31 23:59:59","2023-07-20 21:06:07","2023-07-20 21:06:10"
"17","Centre Holiday 1",\N,"2021-12-31 00:00:00","2021-12-31 23:59:59","2023-07-20 21:06:27","2023-07-20 21:06:30"
"17","Centre Holiday 1",\N,"2022-12-31 00:00:00","2022-12-31 23:59:59","2023-07-20 21:06:44","2023-07-20 21:06:47"
"17","Centre Holiday 1",\N,"2023-01-21 00:00:00","2023-01-27 23:59:59","2023-07-20 21:07:16","2023-07-20 21:08:46"
"17","Centre Holiday 2",\N,"2023-05-28 00:00:00","2023-06-03 23:59:59","2023-07-20 21:07:38","2023-07-20 21:08:46"
"17","Centre Holiday 3",\N,"2023-12-17 00:00:00","2023-12-31 23:59:59","2023-07-20 21:08:13","2023-07-20 21:08:46"
"18","Centre Holiday 1",\N,"2018-12-31 00:00:00","2018-12-31 23:59:59","2023-07-20 21:24:51","2023-07-20 21:24:54"
"18","Centre Holiday 1",\N,"2019-12-31 00:00:00","2019-12-31 23:59:59","2023-07-20 21:25:08","2023-07-20 21:25:10"
"18","Centre Holiday 1",\N,"2020-12-31 00:00:00","2020-12-31 23:59:59","2023-07-20 21:25:37","2023-07-20 21:25:40"
"18","Centre Holiday 1",\N,"2021-12-31 00:00:00","2021-12-31 23:59:59","2023-07-20 21:25:55","2023-07-20 21:25:58"
"18","Centre Holiday 1",\N,"2022-12-31 00:00:00","2022-12-31 23:59:59","2023-07-20 21:26:14","2023-07-20 21:26:28"
"18","Centre Holiday 1",\N,"2023-01-21 00:00:00","2023-01-27 23:59:59","2023-07-20 21:27:05","2023-07-20 21:28:30"
"18","Centre Holiday 2",\N,"2023-05-28 00:00:00","2023-06-03 23:59:59","2023-07-20 21:27:22","2023-07-20 21:28:30"
"18","Centre Holiday 3",\N,"2023-12-17 00:00:00","2023-12-31 23:59:59","2023-07-20 21:28:06","2023-07-20 21:28:30"
"19","Centre Holiday 1",\N,"2018-12-31 00:00:00","2018-12-31 23:59:59","2023-09-12 22:17:42","2023-09-12 22:17:44"
"19","Centre Holiday 1",\N,"2019-12-31 00:00:00","2019-12-31 23:59:59","2023-09-12 22:18:04","2023-09-12 22:18:07"
"19","Centre Holiday 1",\N,"2020-12-31 00:00:00","2020-12-31 23:59:59","2023-09-12 22:18:22","2023-09-12 22:18:24"
"19","Centre Holiday 1",\N,"2021-12-31 00:00:00","2021-12-31 23:59:59","2023-09-12 22:18:39","2023-09-12 22:18:41"
"19","Centre Holiday 1",\N,"2022-12-31 00:00:00","2022-12-31 23:59:59","2023-09-12 22:18:54","2023-09-12 22:18:56"
"19","Centre Holiday 1",\N,"2023-01-21 00:00:00","2023-01-27 23:59:59","2023-09-12 22:19:22","2023-09-12 22:20:25"
"19","Centre Holiday 2",\N,"2023-05-28 00:00:00","2023-06-03 23:59:59","2023-09-12 22:19:35","2023-09-12 22:20:25"
"19","Centre Holiday 3",\N,"2023-12-17 00:00:00","2023-12-31 23:59:59","2023-09-12 22:20:12","2023-09-12 22:20:25"
"20","Centre Holiday 1",\N,"2018-12-31 00:00:00","2018-12-31 23:59:59","2023-10-12 15:32:34","2023-10-12 15:42:33"
"20","Centre Holiday 1",\N,"2019-12-31 00:00:00","2019-12-31 23:59:59","2023-10-12 15:43:21","2023-10-12 15:43:26"
"20","Centre Holiday 1",\N,"2020-12-31 00:00:00","2020-12-31 23:59:59","2023-10-12 15:44:12","2023-10-12 15:44:17"
"20","Centre Holiday 1",\N,"2021-12-31 00:00:00","2021-12-31 23:59:59","2023-10-12 15:45:17","2023-10-12 15:45:25"
"20","Centre Holiday 1",\N,"2022-12-31 00:00:00","2022-12-31 23:59:59","2023-10-12 16:31:40","2023-10-12 16:34:03"
"20","Centre Holiday 1",\N,"2023-01-21 00:00:00","2023-01-27 23:59:59","2023-10-12 16:37:47","2023-10-12 16:39:59"
"20","Centre Holiday 2",\N,"2023-05-28 00:00:00","2023-06-03 23:59:59","2023-10-12 16:38:09","2023-10-12 16:39:59"
"20","Centre Holiday 3",\N,"2023-12-17 00:00:00","2023-12-31 23:59:59","2023-10-12 16:39:24","2023-10-12 16:39:59"
"21","Centre Holiday 1",\N,"2018-12-31 00:00:00","2018-12-31 23:59:59","2023-10-12 16:41:06","2023-10-12 16:41:13"
"21","Centre Holiday 1",\N,"2019-12-31 00:00:00","2019-12-31 23:59:59","2023-10-12 16:41:43","2023-10-12 16:41:47"
"21","Centre Holiday 1",\N,"2020-12-31 00:00:00","2020-12-31 23:59:59","2023-10-12 16:42:10","2023-10-12 16:42:20"
"21","Centre Holiday 1",\N,"2021-12-31 00:00:00","2021-12-31 23:59:59","2023-10-12 16:42:34","2023-10-12 16:42:39"
"21","Centre Holiday 1",\N,"2022-12-31 00:00:00","2022-12-31 23:59:59","2023-10-12 16:43:07","2023-10-12 16:43:12"
"21","Centre Holiday 1",\N,"2023-01-21 00:00:00","2023-01-27 23:59:59","2023-10-12 16:43:38","2023-10-12 16:45:15"
"21","Centre Holiday 2",\N,"2023-05-28 00:00:00","2023-06-03 23:59:59","2023-10-12 16:43:52","2023-10-12 16:45:15"
"21","Centre Holiday 3",\N,"2023-12-17 00:00:00","2023-12-31 23:59:59","2023-10-12 16:44:39","2023-10-12 16:45:15"
"22","Centre Holiday 1",\N,"2018-12-01 00:00:00","2018-12-01 23:59:59","2023-12-10 22:39:36","2023-12-10 22:39:40"
"22","Centre Holiday 1",\N,"2019-12-01 00:00:00","2019-12-01 23:59:59","2023-12-10 22:39:58","2023-12-10 22:41:54"
"22","Centre Holiday 1",\N,"2020-12-31 00:00:00","2020-12-31 23:59:59","2023-12-10 22:56:18","2023-12-10 22:56:21"
"22","Centre Holiday 1",\N,"2021-12-31 00:00:00","2021-12-31 23:59:59","2023-12-10 22:56:53","2023-12-10 22:56:55"
"22","Centre Holiday 1",\N,"2022-12-31 00:00:00","2022-12-31 23:59:59","2023-12-10 22:57:12","2023-12-10 22:57:14"
"22","Centre Holiday 1",\N,"2023-01-21 00:00:00","2023-01-27 23:59:59","2023-12-10 23:01:07","2023-12-10 23:02:44"
"22","Centre Holiday 2",\N,"2023-05-28 00:00:00","2023-06-03 23:59:59","2023-12-10 23:01:46","2023-12-10 23:02:44"
"22","Centre Holiday 3",\N,"2023-12-17 00:00:00","2023-12-31 23:59:59","2023-12-10 23:02:27","2023-12-10 23:02:44"
"23","Centre Holiday 1",\N,"2018-12-31 00:00:00","2018-12-31 23:59:59","2023-12-10 23:03:24","2023-12-10 23:03:27"
"23","Centre Holiday 1",\N,"2019-12-31 00:00:00","2019-12-31 23:59:59","2023-12-10 23:03:50","2023-12-10 23:03:53"
"23","Centre Holiday 1",\N,"2020-12-31 00:00:00","2020-12-31 23:59:59","2023-12-10 23:04:12","2023-12-10 23:05:00"
"23","Centre Holiday 1",\N,"2021-12-31 00:00:00","2021-12-31 23:59:59","2023-12-10 23:05:20","2023-12-10 23:05:23"
"23","Centre Holiday 1",\N,"2022-12-31 00:00:00","2022-12-31 23:59:59","2023-12-10 23:05:42","2023-12-10 23:05:47"
"23","Centre Holiday 1",\N,"2023-01-21 00:00:00","2023-01-27 23:59:59","2023-12-10 23:06:53","2023-12-10 23:07:39"
"23","Centre Holiday 2",\N,"2023-05-28 00:00:00","2023-06-03 23:59:59","2023-12-10 23:07:12","2023-12-10 23:07:39"
"23","Centre Holiday 3",\N,"2023-12-17 00:00:00","2023-12-31 23:59:59","2023-12-10 23:07:30","2023-12-10 23:07:39"
"24","Centre Holiday 1",\N,"2018-01-21 00:00:00","2018-01-27 23:59:59","2023-12-10 23:08:31","2023-12-10 23:09:11"
"24","Centre Holiday 2",\N,"2018-05-28 00:00:00","2018-06-03 23:59:59","2023-12-10 23:08:48","2023-12-10 23:09:11"
"24","Centre Holiday 3",\N,"2018-12-17 00:00:00","2018-12-31 23:59:59","2023-12-10 23:09:01","2023-12-10 23:09:11"
"24","Centre Holiday 1",\N,"2019-12-31 00:00:00","2019-12-31 23:59:59","2023-12-10 23:09:35","2023-12-10 23:09:38"
"24","Centre Holiday 1",\N,"2020-12-31 00:00:00","2020-12-31 23:59:59","2023-12-10 23:09:54","2023-12-10 23:09:57"
"24","Centre Holiday 1",\N,"2021-12-31 00:00:00","2021-12-31 23:59:59","2023-12-10 23:10:23","2023-12-10 23:10:25"
"24","Centre Holiday 1",\N,"2022-12-31 00:00:00","2022-12-31 23:59:59","2023-12-10 23:10:49","2023-12-10 23:10:51"
"24","Centre Holiday 1",\N,"2023-01-21 00:00:00","2023-01-27 23:59:59","2023-12-10 23:11:55","2023-12-10 23:12:35"
"24","Centre Holiday 2",\N,"2023-05-28 00:00:00","2023-06-03 23:59:59","2023-12-10 23:12:11","2023-12-10 23:12:35"
"24","Centre Holiday 3",\N,"2023-12-17 00:00:00","2023-12-31 23:59:59","2023-12-10 23:12:26","2023-12-10 23:12:35"
"22","Centre Holiday 1",\N,"2024-02-09 00:00:00","2024-02-15 23:59:59","2023-12-12 08:30:57","2023-12-12 16:14:09"
"23","Centre Holiday 1",\N,"2024-02-09 00:00:00","2024-02-15 23:59:59","2023-12-12 08:31:38","2023-12-12 16:12:30"
"23","Centre Holiday 2",\N,"2024-05-26 00:00:00","2024-06-02 23:59:59","2023-12-12 14:28:12","2023-12-12 16:12:30"
"23","Centre Holiday 3",\N,"2024-12-16 00:00:00","2024-12-31 23:59:59","2023-12-12 14:28:51","2023-12-12 16:12:30"
"22","Centre Holiday 2",\N,"2024-04-08 00:00:00","2024-04-14 23:59:59","2023-12-12 16:13:14","2023-12-12 16:14:09"
"22","Centre Holiday 3",\N,"2024-12-16 00:00:00","2024-12-31 23:59:59","2023-12-12 16:13:46","2023-12-12 16:14:09"
"24","Centre Holiday 1",\N,"2024-02-09 00:00:00","2024-02-15 23:59:59","2023-12-21 12:17:04","2023-12-21 12:20:18"
"24","Centre Holiday 2",\N,"2024-04-08 00:00:00","2024-04-14 23:59:59","2023-12-21 12:17:28","2023-12-21 12:20:18"
"24","Centre Holiday 3",\N,"2024-10-01 00:00:00","2024-10-07 23:59:59","2023-12-21 12:19:23","2023-12-21 12:20:18"
"24","Centre Holiday 4",\N,"2024-12-22 00:00:00","2024-12-31 23:59:59","2023-12-21 12:19:51","2023-12-21 12:20:18"
"21","Centre Holiday 1",\N,"2024-02-09 00:00:00","2024-02-15 23:59:59","2023-12-21 12:21:27","2023-12-21 12:29:28"
"21","Centre Holiday 2",\N,"2024-05-17 00:00:00","2024-05-23 23:59:59","2023-12-21 12:23:19","2023-12-21 12:29:28"
"21","Centre Holiday 3",\N,"2024-12-16 00:00:00","2024-12-31 23:59:59","2023-12-21 12:29:05","2023-12-21 12:29:28"
"20","Centre Holiday 1",\N,"2024-02-08 00:00:00","2024-02-14 23:59:59","2023-12-21 12:30:19","2024-02-16 15:19:58"
"20","Centre Holiday 2",\N,"2024-04-08 00:00:00","2024-04-14 23:59:59","2023-12-21 12:30:38","2023-12-21 12:34:31"
"20","Centre Holiday 3",\N,"2024-12-16 00:00:00","2024-12-31 23:59:59","2023-12-21 12:34:07","2023-12-21 12:34:31"
"19","Centre Holiday 1",\N,"2024-02-09 00:00:00","2024-02-15 23:59:59","2023-12-21 12:35:29","2023-12-21 12:37:30"
"19","Centre Holiday 2",\N,"2024-04-08 00:00:00","2024-04-14 23:59:59","2023-12-21 12:35:53","2023-12-21 12:37:30"
"19","Centre Holiday 3",\N,"2024-12-24 00:00:00","2024-12-31 23:59:59","2023-12-21 12:36:44","2024-09-24 09:06:09"
"17","Centre Holiday 1",\N,"2024-02-09 00:00:00","2024-02-15 23:59:59","2023-12-21 12:54:44","2023-12-21 12:56:13"
"17","Centre Holiday 2",\N,"2024-04-08 00:00:00","2024-04-14 23:59:59","2023-12-21 12:55:24","2023-12-21 12:56:13"
"17","Centre Holiday 3",\N,"2024-12-16 00:00:00","2024-12-31 23:59:59","2023-12-21 12:56:00","2023-12-21 12:56:13"
"1","Centre Holiday 1",\N,"2024-02-09 00:00:00","2024-02-15 23:59:59","2023-12-21 13:00:00","2023-12-21 13:02:59"
"1","Centre Holiday 2",\N,"2024-04-08 00:00:00","2024-04-14 23:59:59","2023-12-21 13:00:18","2023-12-21 13:02:59"
"1","Centre Holiday 3",\N,"2024-12-16 00:00:00","2024-12-31 23:59:59","2023-12-21 13:02:01","2023-12-21 13:02:59"
"2","Center Holiday 1",\N,"2024-02-09 00:00:00","2024-02-15 23:59:59","2024-01-28 23:49:17","2024-01-29 00:04:03"
"2","Center Holiday 2",\N,"2024-04-08 00:00:00","2024-04-14 23:59:59","2024-01-28 23:50:09","2024-01-29 00:04:03"
"2","Centre Holiday 3",\N,"2024-12-16 00:00:00","2024-12-22 23:59:59","2024-01-28 23:56:35","2024-01-29 00:04:03"
"2","Centre Holiday 4",\N,"2024-12-23 00:00:00","2024-12-31 23:59:59","2024-01-29 00:00:00","2024-01-29 00:04:03"
"18","Centre Holiday 1",\N,"2024-02-09 00:00:00","2024-02-15 23:59:59","2024-02-16 14:25:11","2024-02-16 14:26:57"
"18","Centre Holiday 2",\N,"2024-05-24 00:00:00","2024-05-30 23:59:59","2024-02-16 14:25:27","2024-03-25 16:10:42"
"18","Centre Holiday 3",\N,"2024-12-16 00:00:00","2024-12-31 23:59:59","2024-02-16 14:26:26","2024-12-14 16:06:36"
"6","CNY 2024",\N,"2024-02-09 00:00:00","2024-02-15 23:59:59","2024-03-03 01:55:56","2024-03-03 02:15:27"
"6","Centre Holiday 2",\N,"2024-04-08 00:00:00","2024-04-14 23:59:59","2024-03-03 10:30:10","2024-03-03 10:30:10"
"6","Centre Holiday 3",\N,"2024-12-16 00:00:00","2024-12-31 23:59:59","2024-03-03 10:33:08","2024-03-03 10:33:08"
"8","Centre Holiday 2",\N,"2024-05-27 00:00:00","2024-06-02 23:59:59","2024-03-03 10:48:03","2024-03-03 10:50:10"
"8","Centre Holiday 3",\N,"2024-12-16 00:00:00","2024-12-31 23:59:59","2024-03-03 10:55:42","2024-03-03 10:55:42"
"8","Centre Holiday 1",\N,"2024-02-09 00:00:00","2024-02-15 23:59:59","2024-03-03 10:57:22","2024-03-03 10:57:22"
"3","Centre Holiday 2",\N,"2024-04-08 00:00:00","2024-04-14 23:59:59","2024-03-03 11:23:48","2024-03-03 11:23:58"
"3","Centre Holiday 3",\N,"2024-12-16 00:00:00","2024-12-31 23:59:59","2024-03-03 11:24:52","2024-03-03 11:24:52"
"5","Centre Holiday 2",\N,"2024-04-08 00:00:00","2024-04-14 23:59:59","2024-03-03 11:32:20","2024-03-03 11:57:43"
"5","Centre Holiday 3",\N,"2024-12-16 00:00:00","2024-12-31 23:59:59","2024-03-03 11:34:17","2024-03-03 11:57:43"
"13","Centre Holiday 2",\N,"2024-05-27 00:00:00","2024-06-02 23:59:59","2024-03-03 12:00:09","2024-03-03 12:02:26"
"13","Centre Holiday 3",\N,"2024-12-16 00:00:00","2024-12-31 23:59:59","2024-03-03 12:00:26","2024-03-03 12:02:26"
"13","Centre Holiday 1",\N,"2024-02-09 00:00:00","2024-02-15 23:59:59","2024-03-03 21:14:26","2024-03-03 21:14:26"
"3","Centre Holiday 1",\N,"2024-02-09 00:00:00","2024-02-15 23:59:59","2024-03-03 21:20:27","2024-03-03 21:20:27"
"5","Centre Holiday 1",\N,"2024-02-09 00:00:00","2024-02-15 23:59:59","2024-03-03 21:23:47","2024-03-03 21:23:47"
"9","Centre Holiday 1",\N,"2024-02-09 00:00:00","2024-03-15 00:00:00","2024-03-04 15:21:47","2024-03-04 15:21:47"
"7","Centre Holiday 1",\N,"2024-12-16 00:00:00","2024-12-31 23:59:59","2024-03-04 15:23:19","2024-07-30 15:57:21"
"14","Centre Holiday 3",\N,"2024-12-16 00:00:00","2024-12-31 23:59:59","2024-03-04 15:25:31","2024-07-30 16:26:51"
"16","Centre Holiday 1",\N,"2024-02-03 00:00:00","2024-02-09 00:00:00","2024-03-04 15:31:32","2024-03-04 15:31:32"
"25","Holiday",\N,"2018-12-31 00:00:00","2018-12-31 23:59:59","2024-03-24 13:40:07","2024-03-24 13:40:10"
"25","Holiday 1",\N,"2019-12-31 00:00:00","2019-12-31 23:59:59","2024-03-24 13:43:38","2024-03-24 13:43:40"
"25","Holiday 1",\N,"2020-12-31 00:00:00","2020-12-31 23:59:59","2024-03-24 13:43:52","2024-03-24 13:43:55"
"25","Holiday 1",\N,"2021-12-31 00:00:00","2021-12-31 23:59:59","2024-03-24 13:44:05","2024-03-24 13:44:07"
"25","Holiday 1",\N,"2022-12-31 00:00:00","2022-12-31 23:59:59","2024-03-24 13:44:16","2024-03-24 13:44:33"
"25","Holiday 1",\N,"2023-12-31 00:00:00","2023-12-31 23:59:59","2024-03-24 13:44:25","2024-03-24 13:44:27"
"25","Centre Holiday 1",\N,"2024-02-09 00:00:00","2024-02-15 23:59:59","2024-03-24 13:47:16","2024-03-24 13:50:07"
"25","Centre Holiday 2",\N,"2024-05-24 00:00:00","2024-05-30 23:59:59","2024-03-24 13:47:47","2024-03-24 13:50:07"
"25","Centre Holiday 3",\N,"2024-09-06 00:00:00","2024-09-12 23:59:59","2024-03-24 13:48:28","2024-05-16 11:52:36"
"25","Centre Holiday 4",\N,"2024-12-24 00:00:00","2024-12-31 23:59:59","2024-03-24 13:49:00","2024-03-24 13:50:07"
"11","Centre Holiday 2",\N,"2024-05-26 00:00:00","2024-06-02 23:59:59","2024-04-05 08:47:15","2024-07-07 19:02:21"
"27","Centre Holiday 1",\N,"2018-12-01 00:00:00","2018-12-01 23:59:59","2024-04-06 11:20:31","2024-04-06 11:20:41"
"27","Centre Holiday 1",\N,"2018-12-01 00:00:00","2018-12-01 23:59:59","2024-04-06 11:20:56","2024-04-06 11:21:09"
"27","Centre Holiday 1",\N,"2019-12-01 00:00:00","2019-12-01 23:59:59","2024-04-06 11:21:18","2024-04-06 11:21:20"
"27","Centre Holiday 1",\N,"2020-12-01 00:00:00","2020-12-01 23:59:59","2024-04-06 11:21:35","2024-04-06 11:22:06"
"27","Centre Holiday 1",\N,"2021-12-01 00:00:00","2021-12-01 23:59:59","2024-04-06 11:21:49","2024-04-06 11:21:56"
"27","Centre Holiday 1",\N,"2022-12-01 00:00:00","2022-12-01 23:59:59","2024-04-06 11:22:17","2024-04-06 11:22:19"
"27","Centre Holiday 1",\N,"2023-12-01 00:00:00","2023-12-01 23:59:59","2024-04-06 11:22:32","2024-04-06 11:22:35"
"27","Centre Holiday 1",\N,"2024-02-09 00:00:00","2024-02-15 23:59:59","2024-04-06 11:23:20","2024-04-06 12:15:17"
"27","Centre Holiday 2",\N,"2024-05-26 00:00:00","2024-06-02 23:59:59","2024-04-06 11:23:33","2024-04-06 12:15:17"
"27","Centre Holiday 3",\N,"2024-12-16 00:00:00","2024-12-31 23:59:59","2024-04-06 12:06:47","2024-04-06 12:15:17"
"3","Labour Day",\N,"2024-05-01 00:00:00","2024-05-01 23:59:59","2024-04-27 00:12:51","2024-04-27 00:47:41"
"5","Labour Day",\N,"2024-05-01 00:00:00","2024-05-01 23:59:59","2024-04-27 00:26:08","2024-04-27 00:32:34"
"28","Holiday 1",\N,"2018-12-31 00:00:00","2018-12-31 23:59:59","2024-06-12 14:38:07","2024-06-12 14:38:10"
"28","Holiday 1",\N,"2019-12-31 00:00:00","2019-12-31 23:59:59","2024-06-12 14:39:42","2024-06-12 14:39:47"
"28","Holiday 1",\N,"2020-12-31 00:00:00","2020-12-31 23:59:59","2024-06-12 14:40:16","2024-06-12 14:40:24"
"28","Holiday 1",\N,"2021-12-31 00:00:00","2021-12-31 23:59:59","2024-06-12 14:40:45","2024-06-12 14:40:54"
"28","Holiday 1",\N,"2022-12-31 00:00:00","2022-12-31 23:59:59","2024-06-12 14:41:41","2024-06-12 14:41:45"
"28","Holiday 1",\N,"2023-12-31 00:00:00","2023-12-31 23:59:59","2024-06-12 14:42:13","2024-06-12 14:42:20"
"28","Holiday 1",\N,"2024-02-09 00:00:00","2024-02-15 23:59:59","2024-06-12 14:43:24","2024-06-22 13:52:15"
"28","Holiday 2",\N,"2024-04-08 00:00:00","2024-04-14 23:59:59","2024-06-12 14:43:48","2024-06-22 13:52:15"
"28","Holiday 3",\N,"2024-12-22 00:00:00","2024-12-31 23:59:59","2024-06-12 14:44:55","2024-06-22 13:52:15"
"4","Holiday 3",\N,"2024-12-16 00:00:00","2024-12-31 23:59:59","2024-06-22 10:25:16","2024-07-30 15:48:27"
"4","Centre Holiday 2",\N,"2025-03-31 00:00:00","2025-04-06 23:59:59","2024-06-22 12:29:35","2024-11-02 21:19:35"
"28","Holiday 4",\N,"2024-07-01 00:00:00","2024-07-07 23:59:59","2024-06-22 13:51:28","2024-06-22 13:52:15"
"28","Holiday 1",\N,"2025-01-28 00:00:00","2025-02-03 23:59:59","2024-06-22 13:53:06","2024-06-22 13:53:16"
"2","Centre Holiday",\N,"2025-01-27 00:00:00","2025-02-02 23:59:59","2024-07-07 18:23:40","2024-11-14 09:56:08"
"3","Holiday 1",\N,"2025-01-27 00:00:00","2025-02-02 23:59:59","2024-07-07 18:31:01","2024-10-29 14:02:28"
"5","Holiday 1",\N,"2025-01-27 00:00:00","2025-02-02 23:59:59","2024-07-07 18:35:13","2024-11-05 14:57:21"
"6","Centre Holiday",\N,"2025-01-27 00:00:00","2025-02-02 23:59:59","2024-07-07 18:39:06","2024-11-12 09:10:42"
"7","Centre Holiday",\N,"2025-01-27 00:00:00","2025-02-02 23:59:59","2024-07-07 18:47:31","2024-11-12 09:59:24"
"8","Holiday 1",\N,"2025-01-27 00:00:00","2025-02-02 23:59:59","2024-07-07 18:51:22","2024-11-08 12:08:07"
"9","Holiday 1",\N,"2025-01-28 00:00:00","2025-02-03 23:59:59","2024-07-07 18:58:19","2024-07-07 18:58:24"
"11","Centre Holiday",\N,"2025-01-27 00:00:00","2025-02-02 23:59:59","2024-07-07 19:02:18","2024-11-12 10:11:38"
"13","Centre Holiday",\N,"2025-01-27 00:00:00","2025-02-02 23:59:59","2024-07-07 19:17:32","2024-11-18 14:54:54"
"14","Centre Holiday",\N,"2025-01-27 00:00:00","2025-02-02 23:59:59","2024-07-07 19:29:03","2024-12-10 13:52:03"
"16","Holiday 1",\N,"2025-01-28 00:00:00","2025-02-03 23:59:59","2024-07-07 19:32:01","2024-07-07 19:32:04"
"17","Centre Holiday",\N,"2025-01-27 00:00:00","2025-02-02 23:59:59","2024-07-07 19:34:45","2024-11-13 10:44:37"
"18","Centre Holiday",\N,"2025-01-27 00:00:00","2025-02-02 23:59:59","2024-07-07 19:51:32","2024-12-10 14:02:11"
"19","Centre Holiday",\N,"2025-01-27 00:00:00","2025-02-02 23:59:59","2024-07-07 19:54:46","2024-11-14 09:52:51"
"20","Centre Holiday",\N,"2025-01-27 00:00:00","2025-02-02 23:59:59","2024-07-07 19:57:50","2024-12-10 14:12:03"
"21","Centre Holiday",\N,"2025-01-27 00:00:00","2025-02-02 23:59:59","2024-07-07 20:01:57","2024-12-10 14:05:11"
"22","Holiday 1",\N,"2025-01-28 00:00:00","2025-02-03 23:59:59","2024-07-07 20:08:44","2024-07-07 20:08:56"
"23","Centre Holiday",\N,"2025-01-27 00:00:00","2025-02-02 23:59:59","2024-07-07 20:11:21","2024-11-14 15:57:04"
"24","Holiday 1",\N,"2025-01-28 00:00:00","2025-02-03 23:59:59","2024-07-07 22:31:39","2024-07-07 22:31:41"
"25","Centre Holiday",\N,"2025-01-27 00:00:00","2025-02-02 23:59:59","2024-07-08 00:28:07","2024-11-14 16:51:47"
"1","test",\N,"2024-09-07 00:00:00","2024-09-13 23:59:59","2024-07-23 14:40:32","2024-07-23 14:42:44"
"1","wertwer",\N,"2024-09-07 00:00:00","2024-09-13 23:59:59","2024-07-23 14:44:04","2024-07-23 14:44:04"
"1","New Year",\N,"2025-01-01 00:00:00","2025-01-01 23:59:59","2024-07-29 10:19:43","2024-07-30 16:14:04"
"1","New Year",\N,"2026-01-01 00:00:00","2026-01-01 23:59:59","2024-07-30 16:01:57","2024-07-30 16:02:09"
"11","Centre Holiday 3",\N,"2024-12-16 00:00:00","2024-12-31 23:59:59","2024-07-30 16:10:21","2024-07-30 16:10:21"
"29","Centre Holiday 1",\N,"2018-12-31 00:00:00","2018-12-31 23:59:59","2024-08-01 09:57:26","2024-08-01 09:57:29"
"29","Centre Holiday 1",\N,"2019-01-31 00:00:00","2019-01-31 23:59:59","2024-08-01 09:58:02","2024-08-01 09:58:06"
"29","Centre Holiday 1",\N,"2020-12-31 00:00:00","2020-12-31 23:59:59","2024-08-01 09:58:26","2024-08-01 09:58:30"
"29","Centre Holiday 1",\N,"2021-12-31 00:00:00","2021-12-31 23:59:59","2024-08-01 09:58:43","2024-08-01 09:58:47"
"29","Centre Holiday 1",\N,"2022-12-31 00:00:00","2022-12-31 23:59:59","2024-08-01 09:59:01","2024-08-01 09:59:11"
"29","Centre Holiday 1",\N,"2023-12-31 00:00:00","2023-12-31 23:59:59","2024-08-01 09:59:49","2024-08-01 10:00:05"
"29","Centre Holiday 1",\N,"2024-02-09 00:00:00","2024-02-15 23:59:59","2024-08-01 10:00:38","2024-08-01 10:03:54"
"29","Centre Holiday 2",\N,"2024-04-08 00:00:00","2024-04-14 23:59:59","2024-08-01 10:01:06","2024-08-01 10:03:54"
"29","Centre Holiday 3",\N,"2024-12-16 00:00:00","2024-12-31 23:59:59","2024-08-01 10:02:38","2024-08-01 10:03:54"
"30","New Year",\N,"2018-12-31 00:00:00","2018-12-31 23:59:59","2024-08-12 21:12:59","2024-08-12 21:13:14"
"30","New Year",\N,"2019-12-31 00:00:00","2019-12-31 23:59:59","2024-08-12 21:13:36","2024-08-12 21:13:40"
"30","New Year",\N,"2020-12-31 00:00:00","2020-12-31 23:59:59","2024-08-12 21:14:07","2024-08-12 21:15:00"
"30","New Year",\N,"2021-12-31 00:00:00","2021-12-31 23:59:59","2024-08-12 21:15:25","2024-08-12 21:15:30"
"30","New Year",\N,"2022-12-31 00:00:00","2022-12-31 23:59:59","2024-08-12 21:16:03","2024-08-12 21:16:08"
"30","New Year",\N,"2023-12-31 00:00:00","2023-12-31 23:59:59","2024-08-12 21:16:33","2024-08-12 21:16:38"
"30","Centre Holiday 3",\N,"2024-12-16 00:00:00","2024-12-31 23:59:59","2024-08-12 21:17:45","2024-08-12 21:18:28"
"30","Centre Holiday",\N,"2025-01-27 00:00:00","2025-02-02 23:59:59","2024-08-12 21:23:48","2024-11-14 17:07:41"
"29","Centre Holiday",\N,"2025-01-27 00:00:00","2025-02-02 23:59:59","2024-08-13 09:45:29","2024-11-15 10:39:54"
"31","Centre Holiday",\N,"2018-12-25 00:00:00","2018-12-25 23:59:59","2024-09-09 12:13:50","2024-09-09 12:13:55"
"31","Centre Holiday",\N,"2019-12-25 00:00:00","2019-12-25 23:59:59","2024-09-09 12:14:19","2024-09-09 12:14:23"
"31","Centre Holiday",\N,"2020-12-25 00:00:00","2020-12-25 23:59:59","2024-09-09 12:14:40","2024-09-09 12:14:44"
"31","Centre Holiday",\N,"2021-12-25 00:00:00","2021-12-25 23:59:59","2024-09-09 12:15:06","2024-09-09 12:15:12"
"31","Centre Holiday",\N,"2022-12-25 00:00:00","2022-12-25 23:59:59","2024-09-09 12:15:30","2024-09-09 12:15:37"
"31","Centre Holiday",\N,"2023-12-25 00:00:00","2023-12-25 23:59:59","2024-09-09 12:16:05","2024-09-09 12:16:10"
"31","Centre Holiday",\N,"2024-04-08 00:00:00","2024-04-14 23:59:59","2024-09-09 12:17:15","2024-09-09 14:20:03"
"31","Malaysia Day",\N,"2024-09-16 00:00:00","2024-09-16 23:59:59","2024-09-09 12:17:36","2024-09-09 14:31:13"
"31","Centre Holiday",\N,"2024-12-01 00:00:00","2024-12-14 23:59:59","2024-09-09 12:19:28","2024-09-09 14:20:03"
"31","Merry Christmas",\N,"2024-12-25 00:00:00","2024-12-25 23:59:59","2024-09-09 12:20:22","2024-09-09 14:33:42"
"31","Centre Holiday",\N,"2024-12-30 00:00:00","2024-12-31 23:59:59","2024-09-09 12:22:59","2024-09-10 09:23:45"
"31","Hari Merdeka",\N,"2024-08-31 00:00:00","2024-08-31 23:59:59","2024-09-09 14:21:46","2024-09-09 14:32:14"
"31","New  Year",\N,"2025-01-01 00:00:00","2025-01-05 23:59:59","2024-09-09 14:22:54","2024-09-19 19:57:27"
"32","Centre Holiday",\N,"2018-12-31 00:00:00","2018-12-31 23:59:59","2024-09-17 09:21:02","2024-09-17 09:21:05"
"32","Centre Holiday",\N,"2019-12-31 00:00:00","2019-12-31 23:59:59","2024-09-17 09:21:34","2024-09-17 09:21:39"
"32","Centre Holiday",\N,"2020-12-31 00:00:00","2020-12-31 23:59:59","2024-09-17 09:22:01","2024-09-17 09:22:05"
"32","Centre Holiday",\N,"2021-12-31 00:00:00","2021-12-31 23:59:59","2024-09-17 09:22:34","2024-09-17 09:22:36"
"32","Centre Holiday",\N,"2022-12-31 00:00:00","2022-12-31 23:59:59","2024-09-17 09:22:58","2024-09-17 09:23:03"
"32","Centre Holiday",\N,"2023-12-31 00:00:00","2023-12-31 23:59:59","2024-09-17 09:23:25","2024-09-17 09:23:29"
"32","Centre Holiday",\N,"2024-12-16 00:00:00","2024-12-31 23:59:59","2024-09-17 09:24:36","2024-09-17 09:24:45"
"2","Centre Holiday",\N,"2025-02-03 00:00:00","2025-02-09 23:59:59","2024-09-19 19:54:52","2024-11-14 13:11:27"
"32","Centre Holiday",\N,"2025-01-20 00:00:00","2025-01-26 23:59:59","2024-09-19 19:58:22","2024-11-14 19:41:12"
"3","Centre Holiday",\N,"2025-01-01 00:00:00","2025-01-05 23:59:59","2024-09-19 20:00:24","2024-09-19 20:00:24"
"4","Centre Holiday",\N,"2025-01-27 00:00:00","2025-02-02 23:59:59","2024-09-19 20:02:28","2024-11-02 21:16:44"
"5","Centre Holiday",\N,"2025-01-01 00:00:00","2025-01-05 23:59:59","2024-09-19 20:06:17","2024-09-19 20:06:17"
"6","Centre Holiday",\N,"2025-01-01 00:00:00","2025-01-05 23:59:59","2024-09-19 21:30:20","2024-09-19 21:30:20"
"7","Centre Holiday",\N,"2025-01-01 00:00:00","2025-01-05 23:59:59","2024-09-19 21:31:45","2024-09-19 21:31:45"
"8","Centre Holiday",\N,"2025-01-01 00:00:00","2025-01-05 23:59:59","2024-09-20 09:25:35","2024-11-12 13:59:30"
"11","Centre Holiday",\N,"2025-01-01 00:00:00","2025-01-05 23:59:59","2024-09-20 09:27:48","2024-09-20 09:27:48"
"13","Centre Holiday",\N,"2025-01-01 00:00:00","2025-01-05 23:59:59","2024-09-20 09:29:14","2024-09-20 09:29:14"
"14","Centre Holiday",\N,"2025-06-02 00:00:00","2025-06-08 23:59:59","2024-09-20 09:30:42","2024-12-10 13:49:29"
"17","Centre Holiday",\N,"2025-06-02 00:00:00","2025-06-08 23:59:59","2024-09-20 09:34:32","2024-11-13 10:48:08"
"18","Centre Holiday",\N,"2025-02-24 00:00:00","2025-03-02 23:59:59","2024-09-20 09:36:00","2024-12-12 10:18:49"
"19","Centre Holiday",\N,"2025-06-02 00:00:00","2025-06-08 23:59:59","2024-09-20 09:36:44","2024-11-14 09:49:15"
"20","Centre Holiday",\N,"2025-06-02 00:00:00","2025-06-08 23:59:59","2024-09-20 09:38:07","2024-12-12 10:28:01"
"21","Centre Holiday",\N,"2025-06-02 00:00:00","2025-06-08 23:59:59","2024-09-20 09:42:37","2024-12-12 10:29:33"
"23","Centre Holiday",\N,"2025-03-31 00:00:00","2025-04-06 23:59:59","2024-09-20 09:50:38","2024-11-14 16:01:24"
"25","Centre Holiday",\N,"2025-01-01 00:00:00","2025-01-05 23:59:59","2024-09-20 18:42:41","2024-11-14 16:56:14"
"27","Centre Holiday",\N,"2025-01-27 00:00:00","2025-02-02 23:59:59","2024-09-20 18:43:13","2024-11-14 17:00:00"
"29","Centre Holiday",\N,"2025-01-01 00:00:00","2025-01-05 23:59:59","2024-09-20 18:44:16","2024-09-20 18:44:16"
"19","Centre Holiday",\N,"2024-09-13 00:00:00","2024-09-19 23:59:59","2024-09-24 09:04:54","2024-09-24 09:04:54"
"30","Centre Holiday",\N,"2025-01-01 00:00:00","2025-01-05 23:59:59","2024-10-01 11:51:54","2024-11-15 10:15:35"
"3","Centre Holiday",\N,"2025-05-26 00:00:00","2025-06-01 23:59:59","2024-10-29 13:56:03","2024-10-29 13:56:03"
"3","Centre Holiday",\N,"2025-12-22 00:00:00","2025-12-31 23:59:59","2024-10-29 13:57:28","2024-10-29 13:57:28"
"3","Public Holiday",\N,"2025-05-01 00:00:00","2025-05-01 23:59:59",\N,"2024-11-12 08:57:38"
"3","Public Holiday",\N,"2025-04-01 00:00:00","2025-04-01 23:59:59","2024-11-02 20:55:07","2024-11-12 08:55:38"
"3","Public Holiday",\N,"2025-03-31 00:00:00","2025-03-31 23:59:59","2024-11-02 20:57:29","2024-11-02 20:59:07"
"3","Public Holiday",\N,"2025-02-01 00:00:00","2025-02-01 23:59:59","2024-11-02 20:59:07","2024-11-12 08:53:23"
"3","Public Holiday",\N,"2025-01-29 00:00:00","2025-01-30 23:59:59","2024-11-02 21:02:14","2024-11-12 08:50:23"
"4","Public Holiday",\N,"2025-01-01 00:00:00","2025-01-01 23:59:59","2024-11-02 20:02:02","2024-11-12 09:01:03"
"4","Centre Holiday",\N,"2025-12-22 00:00:00","2025-12-31 23:59:59","2024-11-02 20:02:02","2024-11-02 20:02:02"
"4","Public Holiday",\N,"2025-10-20 00:00:00","2025-10-20 23:59:59","2024-11-02 20:02:02","2024-11-12 09:30:57"
"4","Public Holiday",\N,"2025-12-11 00:00:00","2025-12-11 23:59:59","2024-11-02 20:02:02","2024-11-12 09:23:02"
"4","Public Holiday",\N,"2025-01-29 00:00:00","2025-01-30 23:59:59","2024-11-05 09:39:15","2024-11-12 09:08:14"
"4","Public Holiday",\N,"2025-03-31 00:00:00","2025-04-01 23:59:59","2024-11-05 09:42:54","2024-11-12 09:16:30"
"4","Public Holiday",\N,"2025-05-01 00:00:00","2025-05-01 23:59:59","2024-11-05 10:06:05","2024-11-05 10:07:47"
"4","Centre Holiday",\N,"2025-09-15 00:00:00","2025-09-21 23:59:59","2024-11-05 10:07:47","2024-11-12 09:50:02"
"5","Public Holiday",\N,"2025-01-01 00:00:00","2025-01-01 23:59:59","2024-11-05 14:59:48","2024-11-12 10:45:15"
"5","Public Holiday",\N,"2025-01-29 00:00:00","2025-01-30 23:59:59","2024-11-05 15:01:49","2024-11-12 12:33:15"
"5","Public Holiday",\N,"2025-03-31 00:00:00","2025-04-01 23:59:59","2024-11-05 15:18:18","2024-11-05 15:20:38"
"5","Public Holiday",\N,"2025-05-01 00:00:00","2025-05-01 23:59:59","2024-11-05 15:20:38","2024-11-12 11:31:06"
"5","Public Holiday",\N,"2025-03-31 00:00:00","2025-04-01 23:59:59","2024-11-08 11:47:24","2024-11-12 11:45:44"
"5","Centre Holiday",\N,"2025-06-02 00:00:00","2025-06-08 23:59:59","2024-11-08 12:02:02","2024-11-08 12:02:02"
"5","Centre Holiday",\N,"2025-12-22 00:00:00","2025-12-31 23:59:59","2024-11-08 12:02:02","2024-11-08 12:02:02"
"8","Public Holiday",\N,"2025-01-01 00:00:00","2025-01-01 23:59:59","2024-11-08 13:38:09","2024-11-12 14:17:55"
"8","Centre Holiday",\N,"2025-01-01 00:00:00","2025-01-05 23:59:59","2024-11-11 15:44:10","2024-11-12 17:31:44"
"8","Public Holiday",\N,"2025-02-01 00:00:00","2025-02-01 23:59:59","2024-11-11 15:46:00","2024-11-12 17:11:41"
"8","Public Holiday",\N,"2025-03-31 00:00:00","2025-04-01 23:59:59","2024-11-11 15:47:18","2024-11-12 16:37:21"
"6","Centre Holiday",\N,"2025-06-02 00:00:00","2025-06-08 23:59:59","2024-11-12 09:02:02","2024-11-12 09:02:02"
"6","Centre Holiday",\N,"2025-12-22 00:00:00","2025-12-31 23:59:59","2024-11-12 09:02:02","2024-11-12 09:02:02"
"7","Centre Holiday",\N,"2025-06-02 00:00:00","2025-06-08 23:59:59","2024-11-12 09:02:02","2024-11-12 09:02:02"
"7","Centre Holiday",\N,"2025-12-22 00:00:00","2025-12-31 23:59:59","2024-11-12 09:02:02","2024-11-12 09:02:02"
"11","Centre Holiday",\N,"2025-06-02 00:00:00","2025-06-08 23:59:59","2024-11-12 09:02:02","2024-11-12 09:02:02"
"11","Centre Holiday",\N,"2025-12-22 00:00:00","2025-12-31 23:59:59","2024-11-12 09:02:02","2024-11-12 09:02:02"
"8","Centre Holiday",\N,"2025-06-02 00:00:00","2025-06-08 23:59:59","2024-11-12 18:10:14","2024-11-12 18:10:14"
"8","Centre Holiday",\N,"2025-12-22 00:00:00","2025-12-31 23:59:59","2024-11-12 18:44:41","2024-11-12 18:44:41"
"17","Centre Holiday",\N,"2025-09-15 00:00:00","2025-09-21 23:59:59","2024-11-14 09:02:02","2024-11-14 09:02:02"
"17","Centre Holiday",\N,"2025-12-22 00:00:00","2025-12-31 23:59:59","2024-11-14 09:02:02","2024-11-14 09:02:02"
"19","Centre Holiday",\N,"2025-09-08 00:00:00","2025-09-14 23:59:59","2024-11-14 09:12:02","2024-11-14 09:12:02"
"19","Centre Holiday",\N,"2025-12-22 00:00:00","2025-12-31 23:59:59","2024-11-14 09:12:02","2024-11-14 09:12:02"
"2","Centre Holiday",\N,"2025-12-22 00:00:00","2025-12-31 23:59:59","2024-11-14 09:12:02","2024-11-14 09:12:02"
"2","Centre Holiday",\N,"2025-03-31 00:00:00","2025-04-06 23:59:59","2024-11-14 15:43:57","2024-11-14 15:43:57"
"23","Centre Holiday",\N,"2025-09-15 00:00:00","2025-09-21 23:59:59","2024-11-14 15:12:02","2024-11-14 15:12:02"
"23","Centre Holiday",\N,"2025-12-22 00:00:00","2025-12-31 23:59:59","2024-11-14 15:12:02","2024-11-14 15:12:02"
"25","Centre Holiday",\N,"2025-05-26 00:00:00","2025-06-01 23:59:59","2024-11-14 15:12:02","2024-11-14 15:12:02"
"25","Centre Holiday",\N,"2025-09-08 00:00:00","2025-09-14 23:59:59","2024-11-14 15:12:02","2024-11-14 15:12:02"
"25","Centre Holiday",\N,"2025-12-22 00:00:00","2025-12-31 23:59:59","2024-11-14 15:12:02","2024-11-14 15:12:02"
"27","Centre Holiday",\N,"2025-07-28 00:00:00","2025-08-03 23:59:59","2024-11-14 15:12:02","2025-03-31 21:29:03"
"27","Centre Holiday",\N,"2025-12-15 00:00:00","2025-12-21 23:59:59","2024-11-14 15:12:02","2024-11-14 15:12:02"
"27","Centre Holiday",\N,"2025-12-22 00:00:00","2025-12-31 23:59:59","2024-11-14 15:12:02","2024-11-14 15:12:02"
"30","Centre Holiday",\N,"2025-06-02 00:00:00","2025-06-08 23:59:59","2024-11-14 15:12:02","2024-11-14 15:12:02"
"30","Centre Holiday",\N,"2025-10-13 00:00:00","2025-10-19 23:59:59","2024-11-14 15:12:02","2024-11-14 15:12:02"
"30","Centre Holiday",\N,"2025-12-22 00:00:00","2025-12-31 23:59:59","2024-11-14 15:12:02","2024-11-14 15:12:02"
"31","Centre Holiday",\N,"2025-06-02 00:00:00","2025-06-06 23:59:59","2024-11-15 10:12:20","2024-11-15 10:12:20"
"32","Centre Holiday",\N,"2025-05-26 00:00:00","2025-06-01 23:59:59","2024-11-15 09:02:02","2024-11-15 09:02:02"
"32","Centre Holiday",\N,"2025-12-22 00:00:00","2025-12-31 23:59:59","2024-11-15 09:02:02","2024-11-15 09:02:02"
"32","Centre Holiday",\N,"2025-01-27 00:00:00","2025-02-02 23:59:59","2024-11-15 10:33:19","2024-11-15 10:33:19"
"31","Centre Holiday",\N,"2025-09-01 00:00:00","2025-09-07 23:59:59","2024-11-15 09:02:02","2024-11-15 09:02:02"
"31","Centre Holiday",\N,"2025-12-22 00:00:00","2025-12-31 23:59:59","2024-11-15 09:02:02","2024-11-15 09:02:02"
"29","Centre Holiday",\N,"2025-06-02 00:00:00","2025-06-06 23:59:59","2024-11-15 09:02:02","2024-11-15 09:02:02"
"29","Centre Holiday",\N,"2025-12-22 00:00:00","2025-12-31 23:59:59","2024-11-15 09:02:02","2024-11-15 09:02:02"
"33","Centre Holiday 1",\N,"2018-12-31 00:00:00","2018-12-31 23:59:59","2024-11-18 08:04:24","2024-11-18 08:04:27"
"33","Centre Holiday 1",\N,"2019-12-31 00:00:00","2019-12-31 23:59:59","2024-11-18 08:05:36","2024-11-18 08:05:38"
"33","Centre Holiday 1",\N,"2020-12-31 00:00:00","2020-12-31 23:59:59","2024-11-18 08:05:55","2024-11-18 08:06:02"
"33","Centre Holiday 1",\N,"2021-12-31 00:00:00","2021-12-31 23:59:59","2024-11-18 08:06:17","2024-11-18 08:06:20"
"33","Centre Holiday",\N,"2022-12-31 00:00:00","2022-12-31 23:59:59","2024-11-18 08:06:41","2024-11-18 08:06:45"
"33","Centre Holiday 1",\N,"2023-12-31 00:00:00","2023-12-31 23:59:59","2024-11-18 08:07:02","2024-11-18 08:07:07"
"33","Centre Holiday 1",\N,"2024-02-08 00:00:00","2024-02-14 23:59:59","2024-11-18 08:07:42","2024-11-18 08:20:49"
"33","Centre Holiday 2",\N,"2024-05-26 00:00:00","2024-06-01 23:59:59","2024-11-18 08:09:25","2024-11-18 08:20:49"
"33","Centre Holiday 3",\N,"2024-11-10 00:00:00","2024-11-16 23:59:59","2024-11-18 08:09:56","2024-11-18 08:20:49"
"33","Centre Holiday 4",\N,"2024-12-22 00:00:00","2024-12-31 23:59:59","2024-11-18 08:10:46","2024-11-18 08:20:49"
"13","Centre Holiday",\N,"2025-06-02 00:00:00","2025-06-08 23:59:59","2024-11-18 15:02:53","2024-11-18 15:02:53"
"13","Centre Holiday",\N,"2025-12-22 00:00:00","2025-12-31 23:59:59","2024-11-18 15:28:39","2024-11-18 15:28:39"
"33","Centre Holiday",\N,"2025-01-27 00:00:00","2025-02-02 23:59:59","2024-12-10 15:32:14","2024-12-10 15:34:07"
"33","Centre Holiday",\N,"2025-05-26 00:00:00","2025-06-01 23:59:59","2024-12-10 15:32:53","2024-12-10 15:34:07"
"14","Centre Holiday",\N,"2025-12-15 00:00:00","2025-12-22 23:59:59","2024-12-12 09:02:02","2024-12-12 09:02:02"
"14","Centre Holiday",\N,"2025-12-22 00:00:00","2025-12-31 23:59:59","2024-12-12 09:02:02","2024-12-12 09:02:02"
"33","Centre Holiday",\N,"2025-12-15 00:00:00","2025-12-22 23:59:59","2024-12-12 09:02:02","2024-12-12 09:02:02"
"33","Centre Holiday",\N,"2025-12-22 00:00:00","2025-12-31 23:59:59","2024-12-12 09:02:02","2024-12-12 09:02:02"
"18","Centre Holiday",\N,"2025-12-22 00:00:00","2025-12-31 23:59:59","2024-12-12 09:02:02","2024-12-12 09:02:02"
"20","Centre Holiday",\N,"2025-10-13 00:00:00","2025-10-19 23:59:59","2024-12-12 09:02:02","2024-12-12 09:02:02"
"20","Centre Holiday",\N,"2025-12-22 00:00:00","2025-12-31 23:59:59","2024-12-12 09:02:02","2024-12-12 09:02:02"
"21","Centre Holiday",\N,"2025-10-13 00:00:00","2025-10-19 23:59:59","2024-12-12 09:02:02","2024-12-12 09:02:02"
"21","Centre Holiday",\N,"2025-12-22 00:00:00","2025-12-31 23:59:59","2024-12-12 09:02:02","2024-12-12 09:02:02"
"21","Centre Holiday",\N,"2025-09-15 00:00:00","2025-09-21 23:59:59","2024-12-12 09:02:02","2024-12-12 09:02:02"
"18","Centre Holiday",\N,"2024-09-09 00:00:00","2024-09-15 23:59:59","2024-12-14 16:04:14","2024-12-14 16:04:14"
"18","Centre Holiday 4",\N,"2024-12-23 00:00:00","2024-12-31 23:59:59","2024-12-14 16:11:32","2024-12-14 16:11:32"
"35","Holiday 1",\N,"2018-12-31 00:00:00","2018-12-31 23:59:59","2025-01-28 12:51:31","2025-01-28 12:51:34"
"35","Holiday 1",\N,"2019-12-31 00:00:00","2019-12-31 23:59:59","2025-01-28 12:52:38","2025-01-28 12:52:41"
"35","Holiday 1",\N,"2020-12-31 00:00:00","2020-12-31 23:59:59","2025-01-28 12:53:15","2025-01-28 12:53:20"
"35","Holiday 1",\N,"2021-12-31 00:00:00","2021-12-31 00:00:00","2025-01-28 12:53:38","2025-01-28 12:53:38"
"35","Holiday 1",\N,"2022-12-31 00:00:00","2022-12-31 23:59:59","2025-01-28 12:53:54","2025-01-28 12:54:23"
"35","Holiday 1",\N,"2023-12-31 00:00:00","2023-12-31 23:59:59","2025-01-28 12:54:59","2025-01-28 12:55:03"
"35","Holiday 1",\N,"2024-12-31 00:00:00","2024-12-31 00:00:00","2025-01-28 12:55:23","2025-01-28 12:55:23"
"35","Holiday 1",\N,"2025-04-14 00:00:00","2025-04-20 23:59:59","2025-01-28 12:55:55","2025-01-28 12:58:59"
"35","Holiday 2",\N,"2025-07-07 00:00:00","2025-07-13 23:59:59","2025-01-28 12:56:16","2025-01-28 12:58:59"
"35","Holiday 3",\N,"2025-12-15 00:00:00","2025-12-31 23:59:59","2025-01-28 12:57:30","2025-01-28 12:58:59"
"36","Centre Holiday 1",\N,"2018-12-31 00:00:00","2018-12-31 00:00:00","2025-02-17 17:04:26","2025-02-17 17:04:26"
"36","Centre Holiday 1",\N,"2019-12-31 00:00:00","2019-12-31 00:00:00","2025-02-17 17:04:42","2025-02-17 17:04:42"
"36","Centre Holiday 1",\N,"2020-12-31 00:00:00","2020-12-31 00:00:00","2025-02-17 17:04:56","2025-02-17 17:04:56"
"36","Centre Holiday 1",\N,"2021-12-31 00:00:00","2021-12-31 00:00:00","2025-02-17 17:05:10","2025-02-17 17:05:10"
"36","Centre Holiday 1",\N,"2022-12-31 00:00:00","2022-12-31 00:00:00","2025-02-17 17:05:21","2025-02-17 17:05:21"
"36","Centre Holiday 1",\N,"2023-12-31 00:00:00","2023-12-31 00:00:00","2025-02-17 17:05:35","2025-02-17 17:05:35"
"36","Centre Holiday 1",\N,"2024-12-31 00:00:00","2024-12-31 00:00:00","2025-02-17 17:05:56","2025-02-17 17:05:56"
"36","Centre Holiday 1",\N,"2025-01-01 00:00:00","2025-01-05 23:59:59","2025-02-17 17:06:38","2025-02-17 17:08:25"
"36","Centre Holiday 2",\N,"2025-01-27 00:00:00","2025-02-02 23:59:59","2025-02-17 17:06:51","2025-02-17 17:08:25"
"36","Centre Holiday 3",\N,"2025-06-02 00:00:00","2025-06-08 23:59:59","2025-02-17 17:07:19","2025-02-17 17:08:25"
"36","Centre Holiday 4",\N,"2025-12-22 00:00:00","2025-12-31 23:59:59","2025-02-17 17:07:46","2025-02-17 17:08:25"
"37","Centre Holiday 1",\N,"2018-12-31 00:00:00","2018-12-31 00:00:00","2025-02-22 17:55:23","2025-02-22 17:55:23"
"37","Centre Holiday 1",\N,"2019-12-31 00:00:00","2019-12-31 00:00:00","2025-02-22 17:55:41","2025-02-22 17:55:41"
"37","Centre Holiday 1",\N,"2020-12-31 00:00:00","2020-12-31 00:00:00","2025-02-22 17:55:51","2025-02-22 17:55:51"
"37","Centre Holiday 1",\N,"2021-12-31 00:00:00","2021-12-31 00:00:00","2025-02-22 17:56:01","2025-02-22 17:56:01"
"37","Centre Holiday 1",\N,"2022-12-31 00:00:00","2022-12-31 00:00:00","2025-02-22 17:56:22","2025-02-22 17:56:22"
"37","Centre Holiday 1",\N,"2023-12-31 00:00:00","2023-12-31 00:00:00","2025-02-22 17:56:37","2025-02-22 17:56:37"
"37","Centre Holiday 1",\N,"2024-12-31 00:00:00","2024-12-31 00:00:00","2025-02-22 17:56:49","2025-02-22 17:56:49"
"37","Centre Holiday 1",\N,"2025-01-27 00:00:00","2025-02-02 23:59:59","2025-02-22 17:58:30","2025-02-22 18:01:53"
"37","Centre Holiday 2",\N,"2025-06-02 00:00:00","2025-06-08 23:59:59","2025-02-22 17:58:44","2025-02-22 18:01:53"
"37","Centre Holiday 3",\N,"2025-09-15 00:00:00","2025-09-21 23:59:59","2025-02-22 18:00:29","2025-02-22 18:01:53"
"37","Centre Holiday 4",\N,"2025-12-22 00:00:00","2025-12-31 23:59:59","2025-02-22 18:01:20","2025-02-22 18:01:53"
"34","Centre Holiday 1",\N,"2018-12-31 00:00:00","2018-12-31 00:00:00","2025-02-22 18:02:27","2025-02-22 18:02:27"
"34","Centre Holiday 1",\N,"2019-12-31 00:00:00","2019-12-31 00:00:00","2025-02-22 18:02:46","2025-02-22 18:02:46"
"34","Centre Holiday 1",\N,"2020-12-31 00:00:00","2020-12-31 00:00:00","2025-02-22 18:03:00","2025-02-22 18:03:00"
"34","Centre Holiday 2",\N,"2021-12-31 00:00:00","2021-12-31 00:00:00","2025-02-22 18:03:14","2025-02-22 18:03:14"
"34","Centre Holiday 2",\N,"2022-12-31 00:00:00","2022-12-31 00:00:00","2025-02-22 18:03:30","2025-02-22 18:03:30"
"34","Centre Holiday 1",\N,"2023-12-31 00:00:00","2023-12-31 00:00:00","2025-02-22 18:04:14","2025-02-22 18:04:14"
"34","Centre Holiday 1",\N,"2024-12-31 00:00:00","2024-12-31 00:00:00","2025-02-22 18:04:27","2025-02-22 18:04:27"
"34","Centre Holiday 1",\N,"2025-01-01 00:00:00","2025-01-05 23:59:59","2025-02-22 18:05:12","2025-02-22 18:10:57"
"34","Centre Holiday 2",\N,"2025-01-27 00:00:00","2025-02-02 23:59:59","2025-02-22 18:05:26","2025-02-22 18:10:57"
"34","Centre Holiday 3",\N,"2025-06-02 00:00:00","2025-06-08 23:59:59","2025-02-22 18:06:03","2025-02-22 18:10:57"
"34","Centre Holiday 4",\N,"2025-12-22 00:00:00","2025-12-31 23:59:59","2025-02-22 18:06:39","2025-02-22 18:10:57"
"1","sdf",\N,"2025-03-30 00:00:00","2025-04-05 23:59:59","2025-03-27 10:32:02","2025-03-27 10:32:02"
"27","Centre Holiday 2",\N,"2025-05-12 00:00:00","2025-05-18 23:59:59","2025-03-31 21:30:15","2025-03-31 21:30:15"
"24","Holiday 2",\N,"2025-03-24 00:00:00","2025-03-30 23:59:59","2025-04-04 17:52:58","2025-04-04 17:52:58"
"24","Holiday 3",\N,"2025-12-15 00:00:00","2025-12-31 23:59:59","2025-04-07 11:36:39","2025-04-07 11:36:39"
