id,branch,category,label,day,start_time,end_time,created_at,updated_at
1,11,1,,Saturday,09:00:00,10:00:00,2020-12-20 22:02:11,2020-12-23 16:36:06
2,11,2,,Saturday,10:00:00,11:00:00,2020-12-20 22:04:02,2020-12-23 16:36:21
3,11,1,,Saturday,13:00:00,14:00:00,2020-12-20 22:04:38,2020-12-23 16:36:23
4,11,1,,Saturday,15:00:00,16:00:00,2020-12-20 22:05:21,2020-12-23 16:36:24
5,11,2,,Saturday,15:00:00,16:00:00,2020-12-20 22:05:45,2020-12-23 16:36:26
6,5,1,,Wednesday,17:15:00,18:15:00,2020-12-23 16:02:42,2020-12-23 16:03:07
7,11,1,Saturday 09:00 - 10:00 (old),Saturday,09:00:00,10:00:00,2020-12-23 16:42:23,2023-10-20 16:29:33
8,11,2,,Saturday,10:00:00,11:00:00,2020-12-23 16:43:05,2020-12-23 16:56:32
9,11,2,Saturday 10:00 - 11:00 (old),Saturday,10:00:00,11:00:00,2020-12-23 16:44:13,2023-10-20 16:29:43
10,11,1,Saturday 11:00 - 12:00 (old),Saturday,11:00:00,12:00:00,2020-12-23 16:44:49,2023-10-20 16:29:47
11,11,1,Saturday 15:00 - 16:00 (old),Saturday,15:00:00,16:00:00,2020-12-23 16:45:41,2023-10-20 16:31:02
12,11,2,Saturday 15:00 - 16:00 (old),Saturday,15:00:00,16:00:00,2020-12-23 16:46:05,2023-10-20 16:31:24
13,11,1,Saturday 16:00 - 17:00 (old),Saturday,16:00:00,17:00:00,2020-12-23 16:52:25,2023-10-20 16:31:28
14,11,2,Saturday 16:00 - 17:00 (old),Saturday,16:00:00,17:00:00,2020-12-23 16:52:53,2023-10-20 16:32:02
15,11,1,Saturday 17:00 - 18:00 (old),Saturday,17:00:00,18:00:00,2020-12-23 16:53:15,2023-10-20 16:31:46
16,11,1,,Friday,18:00:00,19:00:00,2020-12-23 16:54:47,2021-01-16 17:19:47
17,11,1,Saturday 10:00 - 11:00 (old),Saturday,10:00:00,11:00:00,2020-12-23 16:56:46,2023-10-20 16:31:05
18,5,1,,Wednesday,17:15:00,18:15:00,2020-12-28 14:55:17,2020-12-28 14:58:43
19,5,1,,Wednesday,17:15:00,18:15:00,2020-12-30 22:45:03,2020-12-30 22:53:31
20,5,2,,Wednesday,17:15:00,18:15:00,2020-12-30 22:46:03,2020-12-30 22:53:32
21,5,1,,Wednesday,17:15:00,18:15:00,2020-12-31 22:37:44,2020-12-31 22:38:46
22,5,1,,Wednesday,17:15:00,18:15:00,2020-12-31 22:42:58,2020-12-31 22:59:04
23,5,1,,Wednesday,17:15:00,18:15:00,2020-12-31 23:02:21,2020-12-31 23:41:57
24,5,1,,Wednesday,17:15:00,18:15:00,2020-12-31 23:46:32,2021-01-01 01:35:30
25,5,1,,Wednesday,17:15:00,18:15:00,2021-01-01 14:05:10,2021-01-06 09:51:23
26,5,2,,Wednesday,17:15:00,18:15:00,2021-01-01 14:05:44,2021-01-06 09:51:25
27,5,1,,Wednesday,18:30:00,19:30:00,2021-01-01 14:08:51,2021-01-01 14:28:01
28,5,1,,Wednesday,18:25:00,19:25:00,2021-01-01 14:29:34,2021-01-06 09:51:27
29,6,1,,Wednesday,17:30:00,18:30:00,2021-01-01 16:23:56,2021-01-06 09:49:01
30,6,2,,Wednesday,17:30:00,18:30:00,2021-01-01 16:25:32,2021-01-06 09:49:03
31,6,1,,Wednesday,18:40:00,19:40:00,2021-01-01 16:29:52,2021-01-06 09:49:05
32,6,2,,Wednesday,18:40:00,19:40:00,2021-01-01 16:30:11,2021-01-06 09:49:09
33,6,1,,Wednesday,19:50:00,20:50:00,2021-01-01 16:30:34,2021-01-06 09:49:09
34,6,2,,Wednesday,19:50:00,20:50:00,2021-01-01 16:30:56,2021-01-06 09:49:10
35,6,1,,Wednesday,21:00:00,22:00:00,2021-01-01 16:31:22,2021-01-06 09:49:53
36,6,2,,Wednesday,21:00:00,22:00:00,2021-01-01 16:31:42,2021-01-06 09:49:34
37,6,1,,Saturday,11:00:00,12:00:00,2021-01-01 20:45:50,2021-01-06 09:49:42
38,6,2,,Saturday,12:00:00,13:00:00,2021-01-01 20:46:09,2021-01-01 20:46:17
39,6,2,,Saturday,11:00:00,12:00:00,2021-01-01 20:46:40,2021-01-06 09:49:46
40,6,1,,Saturday,12:00:00,13:00:00,2021-01-01 20:47:08,2021-01-06 09:49:47
41,6,2,,Saturday,12:00:00,13:00:00,2021-01-01 20:47:28,2021-01-06 09:49:32
42,6,1,,Saturday,13:00:00,14:00:00,2021-01-01 20:47:55,2021-01-06 09:49:31
43,6,2,,Saturday,13:00:00,14:00:00,2021-01-01 20:48:11,2021-01-01 20:48:18
44,6,2,,Saturday,13:00:00,14:00:00,2021-01-01 20:48:51,2021-01-01 20:50:46
45,6,1,,Saturday,14:00:00,15:00:00,2021-01-01 20:49:21,2021-01-01 20:50:52
46,6,2,,Saturday,14:00:00,15:00:00,2021-01-01 20:49:38,2021-01-01 20:50:54
47,6,1,,Saturday,15:00:00,16:00:00,2021-01-01 20:50:24,2021-01-01 20:50:56
48,6,2,,Saturday,13:00:00,14:00:00,2021-01-01 20:51:23,2021-01-06 09:49:27
49,6,1,,Saturday,14:00:00,15:00:00,2021-01-01 20:51:58,2021-01-06 09:49:28
50,6,2,,Saturday,14:00:00,15:00:00,2021-01-01 20:52:18,2021-01-06 09:49:30
51,6,1,,Saturday,15:00:00,16:00:00,2021-01-01 20:52:59,2021-01-06 09:49:24
52,6,2,,Saturday,15:00:00,16:00:00,2021-01-01 20:53:21,2021-01-06 09:49:24
53,6,3,,Saturday,15:00:00,16:00:00,2021-01-01 20:53:42,2021-01-06 09:49:23
54,6,1,,Saturday,16:00:00,17:00:00,2021-01-01 20:54:10,2021-01-06 09:49:23
55,6,2,,Saturday,16:00:00,17:00:00,2021-01-01 20:54:28,2021-01-06 09:49:22
56,6,1,,Saturday,17:00:00,18:00:00,2021-01-01 20:54:53,2021-01-06 09:49:20
57,6,2,,Saturday,17:00:00,18:00:00,2021-01-01 20:55:35,2021-01-06 09:49:20
58,6,1,,Tuesday,17:15:00,18:15:00,2021-01-01 20:56:07,2021-01-06 09:49:19
59,6,2,,Tuesday,17:15:00,18:15:00,2021-01-01 20:56:32,2021-01-06 09:49:28
60,6,1,,Tuesday,18:25:00,19:25:00,2021-01-01 20:56:53,2021-01-06 09:49:49
61,6,2,,Tuesday,18:25:00,19:25:00,2021-01-01 20:57:19,2021-01-06 09:49:16
62,6,1,,Tuesday,19:35:00,20:35:00,2021-01-01 20:57:49,2021-01-06 09:49:16
63,6,2,,Tuesday,19:35:00,20:35:00,2021-01-01 20:58:09,2021-01-06 09:49:15
64,6,2,,Tuesday,20:45:00,21:45:00,2021-01-01 20:58:34,2021-01-06 09:49:50
65,6,3,,Tuesday,20:45:00,21:45:00,2021-01-01 20:59:03,2021-01-06 09:49:13
84,6,1,,Saturday,12:00:00,13:00:00,2021-01-06 15:11:17,2021-01-07 22:46:14
97,5,1,,Wednesday,17:15:00,18:15:00,2021-01-06 20:59:13,2021-01-07 18:16:41
98,5,2,,Wednesday,17:15:00,18:15:00,2021-01-06 20:59:54,2021-01-07 18:16:43
99,5,1,,Wednesday,18:25:00,19:25:00,2021-01-06 21:00:12,2021-01-07 18:16:45
100,5,2,,Wednesday,18:25:00,19:25:00,2021-01-06 21:00:38,2021-01-07 18:16:50
101,5,1,,Wednesday,19:35:00,20:35:00,2021-01-06 21:01:03,2021-01-07 18:16:51
102,5,2,,Wednesday,19:35:00,20:35:00,2021-01-06 21:01:27,2021-01-07 18:17:04
103,5,1,,Wednesday,20:45:00,21:45:00,2021-01-06 21:01:59,2021-01-07 18:17:07
104,5,2,,Wednesday,20:45:00,21:45:00,2021-01-06 21:02:24,2021-01-07 18:17:09
105,5,1,,Thursday,17:15:00,18:15:00,2021-01-06 21:03:00,2021-01-07 18:17:10
106,5,2,,Thursday,17:15:00,18:15:00,2021-01-06 21:03:21,2021-01-07 18:17:12
107,5,1,,Thursday,18:25:00,19:25:00,2021-01-06 21:06:20,2021-01-07 18:17:17
108,5,2,,Thursday,18:25:00,19:25:00,2021-01-06 21:06:40,2021-01-07 18:17:20
109,5,1,,Thursday,19:35:00,20:35:00,2021-01-06 21:07:08,2021-01-07 18:17:23
110,5,2,,Thursday,19:35:00,20:35:00,2021-01-06 21:07:36,2021-01-07 18:17:25
111,5,3,,Thursday,19:35:00,20:35:00,2021-01-06 21:08:00,2021-01-07 18:17:27
112,5,1,,Thursday,20:45:00,21:45:00,2021-01-06 21:08:20,2021-01-07 18:17:31
113,5,2,,Thursday,20:45:00,21:45:00,2021-01-06 21:08:41,2021-01-07 18:17:33
114,5,3,,Thursday,20:45:00,21:45:00,2021-01-06 21:11:15,2021-01-07 18:17:36
115,5,1,,Saturday,10:00:00,11:00:00,2021-01-06 21:11:45,2021-01-07 18:17:39
116,5,2,,Saturday,10:00:00,11:00:00,2021-01-06 21:12:07,2021-01-07 18:17:43
117,5,1,,Saturday,11:00:00,12:00:00,2021-01-06 21:12:28,2021-01-07 18:17:44
118,5,2,,Saturday,11:00:00,12:00:00,2021-01-06 21:12:45,2021-01-07 18:17:45
119,5,1,,Saturday,12:00:00,13:00:00,2021-01-06 21:13:20,2021-01-07 18:17:47
120,5,2,,Saturday,12:00:00,13:00:00,2021-01-06 21:14:28,2021-01-07 18:17:48
121,5,1,,Saturday,13:00:00,14:00:00,2021-01-06 21:14:54,2021-01-07 18:17:50
122,5,2,,Saturday,13:00:00,14:00:00,2021-01-06 21:15:12,2021-01-07 18:17:51
123,5,3,,Saturday,13:00:00,14:00:00,2021-01-06 21:15:31,2021-01-07 18:16:58
124,5,1,,Saturday,14:00:00,15:00:00,2021-01-06 21:15:57,2021-01-07 18:16:58
125,5,2,,Saturday,14:00:00,15:00:00,2021-01-06 21:16:14,2021-01-07 18:16:57
126,5,1,,Saturday,15:00:00,16:00:00,2021-01-06 21:16:36,2021-01-07 18:16:56
127,5,2,,Saturday,15:00:00,16:00:00,2021-01-06 21:17:00,2021-01-07 18:16:54
128,11,1,Saturday 13:00 - 14:00 (old),Saturday,13:00:00,14:00:00,2021-01-07 17:49:06,2023-10-20 16:57:08
140,5,2,Thursday 18:25 - 19:25 (WRONG),Thursday,18:25:00,19:25:00,2021-01-07 18:48:35,2021-03-31 16:07:45
160,2,1,,Tuesday,17:15:00,18:15:00,2021-01-07 20:23:31,2021-01-07 20:39:02
161,2,1,,Tuesday,18:25:00,19:25:00,2021-01-07 20:24:29,2021-01-07 20:39:10
162,2,2,,Tuesday,18:25:00,19:25:00,2021-01-07 20:29:56,2021-01-12 10:56:22
163,2,3,,Tuesday,18:25:00,19:25:00,2021-01-07 20:30:43,2021-01-12 10:56:26
164,2,1,,Tuesday,19:35:00,20:35:00,2021-01-07 20:32:15,2021-01-12 10:56:27
165,2,2,,Tuesday,19:35:00,20:35:00,2021-01-07 20:34:46,2021-01-12 10:56:27
166,2,3,,Tuesday,19:35:00,20:35:00,2021-01-07 20:35:09,2021-01-12 10:56:30
167,2,1,,Tuesday,17:15:00,18:15:00,2021-01-07 20:41:24,2021-01-12 10:56:28
168,2,1,,Tuesday,18:25:00,19:25:00,2021-01-07 20:41:56,2021-01-12 10:56:30
169,2,1,,Friday,19:35:00,20:35:00,2021-01-07 20:46:07,2021-01-12 10:56:28
170,2,2,,Friday,19:35:00,20:35:00,2021-01-07 20:46:42,2021-01-12 10:58:02
171,2,3,,Friday,19:35:00,20:35:00,2021-01-07 20:47:07,2021-01-12 10:58:05
172,2,1,,Friday,20:45:00,21:45:00,2021-01-07 20:47:57,2021-01-12 10:58:07
173,2,2,,Friday,20:45:00,21:45:00,2021-01-07 20:48:28,2021-01-12 10:56:29
174,2,3,,Friday,20:45:00,21:45:00,2021-01-07 20:48:57,2021-01-12 10:58:10
175,2,1,,Saturday,11:00:00,12:00:00,2021-01-07 20:52:09,2021-01-12 10:58:12
176,2,2,,Saturday,11:00:00,12:00:00,2021-01-07 20:52:59,2021-01-12 10:58:14
177,2,1,,Saturday,12:00:00,13:00:00,2021-01-07 20:53:27,2021-01-12 10:58:15
178,2,2,,Saturday,12:00:00,13:00:00,2021-01-07 20:53:48,2021-01-12 10:58:17
179,2,3,,Saturday,12:00:00,13:00:00,2021-01-07 20:54:22,2021-01-12 10:58:19
180,2,1,,Saturday,13:00:00,14:00:00,2021-01-07 20:54:45,2021-01-12 10:58:20
181,2,2,,Saturday,13:00:00,14:00:00,2021-01-07 20:55:08,2021-01-12 10:58:21
182,2,3,,Saturday,13:00:00,14:00:00,2021-01-07 20:55:25,2021-01-12 10:56:40
183,2,1,,Saturday,14:00:00,15:00:00,2021-01-07 20:59:08,2021-01-12 10:58:23
184,2,2,,Saturday,14:00:00,15:00:00,2021-01-07 20:59:28,2021-01-12 10:56:39
185,2,1,,Saturday,15:00:00,16:00:00,2021-01-07 20:59:48,2021-01-12 10:56:38
186,2,2,,Saturday,15:00:00,16:00:00,2021-01-07 21:00:06,2021-01-12 10:56:39
187,2,3,,Saturday,15:00:00,16:00:00,2021-01-07 21:00:37,2021-01-12 10:56:37
188,2,1,,Saturday,16:00:00,17:00:00,2021-01-07 21:01:06,2021-01-12 10:56:37
189,2,2,,Saturday,16:00:00,17:00:00,2021-01-07 21:01:21,2021-01-12 10:56:36
190,2,1,,Saturday,17:00:00,18:00:00,2021-01-07 21:01:48,2021-01-12 10:56:36
191,2,2,,Saturday,17:00:00,18:00:00,2021-01-07 21:02:02,2021-01-12 10:56:35
192,2,3,,Saturday,17:00:00,18:00:00,2021-01-07 21:02:17,2021-01-12 10:56:34
193,2,1,,Thursday,19:35:00,20:35:00,2021-01-07 21:02:46,2021-01-12 10:56:34
194,2,2,,Thursday,19:35:00,20:35:00,2021-01-07 21:03:05,2021-01-12 10:56:33
195,2,1,,Thursday,20:45:00,21:45:00,2021-01-07 21:03:23,2021-01-12 10:56:33
196,2,2,,Thursday,20:45:00,21:45:00,2021-01-07 21:03:42,2021-01-12 10:56:32
197,11,1,Friday 19:00 - 20:00,Friday,19:00:00,20:00:00,2021-01-07 22:28:49,2021-03-14 13:21:55
199,4,1,,Tuesday,06:25:00,07:25:00,2021-01-07 22:51:48,2021-01-07 23:37:59
200,7,1,Tuesday 17:15 - 18:15,Tuesday,17:15:00,18:15:00,2021-01-07 23:17:58,2021-01-23 16:52:24
201,7,1,Tuesday 18:25 - 19:25,Tuesday,18:25:00,19:25:00,2021-01-07 23:18:51,2021-01-23 16:52:28
202,7,2,Tuesday 18:25 - 19:25,Tuesday,18:25:00,19:25:00,2021-01-07 23:20:43,2021-01-23 16:52:29
203,7,1,Tuesday 19:35 - 20:35,Tuesday,19:35:00,20:35:00,2021-01-07 23:22:36,2021-01-23 16:52:36
204,7,2,Tuesday 19:35 - 20:35,Tuesday,19:35:00,20:35:00,2021-01-07 23:23:17,2021-01-23 16:52:37
205,7,3,Tuesday 19:35 - 20:35,Tuesday,19:35:00,20:35:00,2021-01-07 23:23:40,2021-01-23 16:52:41
206,7,1,Tuesday 20:45 - 21:45,Tuesday,20:45:00,21:45:00,2021-01-07 23:24:34,2021-01-23 16:52:43
207,7,1,Saturday 10:00 - 11:00,Saturday,10:00:00,11:00:00,2021-01-07 23:25:20,2021-01-23 16:52:45
208,7,1,Saturday 10:00 - 11:00,Saturday,10:00:00,11:00:00,2021-01-07 23:25:47,2021-01-23 16:52:47
209,7,2,Saturday 10:00 - 11:00,Saturday,10:00:00,11:00:00,2021-01-07 23:27:01,2021-01-23 16:52:49
210,7,1,Saturday 11:00 - 12:00,Saturday,11:00:00,12:00:00,2021-01-07 23:27:48,2021-01-20 11:19:01
211,7,1,Saturday 11:00 - 12:00,Saturday,11:00:00,12:00:00,2021-01-07 23:28:08,2021-01-20 11:12:12
212,7,1,Saturday 14:00 - 15:00,Saturday,14:00:00,15:00:00,2021-01-07 23:28:48,2021-01-23 16:52:50
213,7,2,Saturday 14:00 - 15:00,Saturday,14:00:00,15:00:00,2021-01-07 23:29:19,2021-01-23 16:52:52
214,7,2,Saturday 14:00 - 15:00,Saturday,14:00:00,15:00:00,2021-01-07 23:29:44,2021-01-23 16:52:54
215,4,1,,Friday,06:25:00,07:25:00,2021-01-07 23:37:19,2021-01-08 00:20:26
216,4,1,,Friday,07:35:00,08:35:00,2021-01-07 23:38:27,2021-01-08 00:20:28
217,4,1,,Friday,08:45:00,09:45:00,2021-01-07 23:39:05,2021-01-08 00:20:29
218,4,2,,Friday,06:25:00,07:25:00,2021-01-07 23:39:39,2021-01-08 00:20:32
219,4,2,,Friday,07:35:00,08:35:00,2021-01-07 23:40:06,2021-01-08 00:20:34
220,4,2,,Friday,08:45:00,09:45:00,2021-01-07 23:40:56,2021-01-08 00:20:44
221,4,3,,Friday,07:35:00,08:35:00,2021-01-07 23:41:27,2021-01-08 00:20:47
222,4,1,,Saturday,11:00:00,12:00:00,2021-01-07 23:42:00,2021-01-08 00:21:13
223,4,1,,Saturday,12:00:00,13:00:00,2021-01-07 23:42:53,2021-01-08 00:20:59
224,4,1,,Saturday,13:00:00,14:00:00,2021-01-07 23:43:15,2021-01-08 00:21:11
225,4,1,,Saturday,14:00:00,15:00:00,2021-01-07 23:43:36,2021-01-08 00:21:00
226,4,2,,Saturday,12:00:00,13:00:00,2021-01-07 23:43:56,2021-01-08 00:21:10
227,4,2,,Saturday,13:00:00,14:00:00,2021-01-07 23:44:19,2021-01-08 00:21:09
228,4,2,,Saturday,13:00:00,14:00:00,2021-01-07 23:44:42,2021-01-08 00:21:08
229,3,1,,Wednesday,17:15:00,18:15:00,2021-01-07 23:56:53,2021-01-13 18:53:14
230,3,2,,Wednesday,17:15:00,18:15:00,2021-01-07 23:57:41,2021-01-13 18:53:17
231,4,1,,Tuesday,06:25:00,07:25:00,2021-01-07 23:59:05,2021-01-08 00:02:25
232,4,1,,Tuesday,07:25:00,08:25:00,2021-01-07 23:59:22,2021-01-08 00:02:27
233,4,1,,Tuesday,08:45:00,09:45:00,2021-01-07 23:59:48,2021-01-08 00:02:29
234,4,2,,Tuesday,07:35:00,08:35:00,2021-01-08 00:00:12,2021-01-08 00:02:30
235,4,2,,Tuesday,08:45:00,09:45:00,2021-01-08 00:00:44,2021-01-08 00:02:32
236,3,1,,Wednesday,18:25:00,19:25:00,2021-01-08 00:00:52,2021-01-13 18:53:21
237,4,3,,Tuesday,07:35:00,08:35:00,2021-01-08 00:01:08,2021-01-08 00:02:34
238,3,2,,Wednesday,18:25:00,19:25:00,2021-01-08 00:01:18,2021-01-13 18:53:24
239,4,1,,Tuesday,06:25:00,07:25:00,2021-01-08 00:02:55,2021-01-08 00:21:07
240,4,1,,Tuesday,07:35:00,08:35:00,2021-01-08 00:03:17,2021-01-08 00:21:07
241,4,1,,Tuesday,08:45:00,09:45:00,2021-01-08 00:03:34,2021-01-08 00:21:06
242,4,2,,Tuesday,07:35:00,08:35:00,2021-01-08 00:04:02,2021-01-08 00:21:05
243,4,2,,Tuesday,08:45:00,09:45:00,2021-01-08 00:04:19,2021-01-08 00:21:04
244,4,3,,Tuesday,07:35:00,08:35:00,2021-01-08 00:04:38,2021-01-08 00:21:03
245,3,1,,Wednesday,19:35:00,20:35:00,2021-01-08 00:06:22,2021-01-13 18:53:25
246,3,1,,Wednesday,19:35:00,20:35:00,2021-01-08 00:06:45,2021-01-08 00:06:51
247,3,2,,Wednesday,19:35:00,20:35:00,2021-01-08 00:07:07,2021-01-14 01:09:34
248,3,3,,Wednesday,19:35:00,20:35:00,2021-01-08 00:07:24,2021-01-14 01:09:35
249,3,1,,Wednesday,20:45:00,21:45:00,2021-01-08 00:10:46,2021-01-13 18:53:26
250,3,2,,Wednesday,20:45:00,21:45:00,2021-01-08 00:11:06,2021-01-14 01:09:37
251,3,1,,Friday,15:30:00,16:30:00,2021-01-08 00:14:10,2021-01-13 18:53:27
252,3,2,,Friday,15:30:00,16:30:00,2021-01-08 00:14:31,2021-01-13 18:53:43
253,3,1,,Friday,16:40:00,17:40:00,2021-01-08 00:21:48,2021-01-13 18:53:27
254,4,1,Tuesday 18:25 - 19:25,Tuesday,18:25:00,19:25:00,2021-01-08 00:21:49,2021-03-22 17:39:59
255,4,1,Tuesday 19:35 - 20:35,Tuesday,19:35:00,20:35:00,2021-01-08 00:22:10,2021-03-18 16:55:16
256,3,2,,Friday,16:40:00,17:40:00,2021-01-08 00:22:27,2021-01-13 18:53:28
257,4,1,Tuesday 20:45 - 21:45,Tuesday,20:45:00,21:45:00,2021-01-08 00:22:28,2021-02-07 17:07:28
258,4,2,Tuesday 19:35 - 20:35,Tuesday,19:35:00,20:35:00,2021-01-08 00:23:01,2021-03-18 16:15:57
259,4,2,Tuesday 20:45 - 21:45 (Wrong),Tuesday,20:45:00,21:45:00,2021-01-08 00:23:23,2021-06-30 16:04:53
260,4,3,Tuesday 19:35 - 20:35 (Wrong),Tuesday,19:35:00,20:35:00,2021-01-08 00:23:50,2021-06-30 16:04:59
264,3,1,,Wednesday,18:25:00,19:25:00,2021-01-08 00:28:18,2021-01-13 18:53:43
266,3,2,,Friday,18:25:00,19:25:00,2021-01-08 00:28:40,2021-01-13 18:53:41
267,4,2,Friday 20:45 - 21:45,Friday,20:45:00,21:45:00,2021-01-08 00:28:43,2021-03-25 22:45:27
276,3,1,,Friday,19:35:00,20:35:00,2021-01-08 00:35:20,2021-01-13 18:53:40
277,3,2,,Friday,19:35:00,20:35:00,2021-01-08 01:44:09,2021-01-13 18:53:40
278,3,3,,Friday,19:35:00,20:35:00,2021-01-08 01:45:44,2021-01-13 18:53:39
279,3,2,,Friday,20:45:00,21:45:00,2021-01-08 01:46:10,2021-01-13 18:53:39
280,3,1,,Saturday,11:00:00,12:00:00,2021-01-08 02:12:06,2021-01-13 18:53:39
281,3,2,,Saturday,11:00:00,12:00:00,2021-01-08 02:12:21,2021-01-13 18:53:38
282,3,1,,Saturday,12:00:00,13:00:00,2021-01-08 02:12:42,2021-01-13 18:53:38
283,3,2,,Saturday,12:00:00,13:00:00,2021-01-08 02:12:57,2021-01-13 18:53:34
284,3,3,,Saturday,12:00:00,13:00:00,2021-01-08 02:13:17,2021-01-13 18:53:37
285,3,1,,Saturday,13:00:00,14:00:00,2021-01-08 02:19:08,2021-01-13 18:53:33
286,3,2,,Saturday,13:00:00,14:00:00,2021-01-08 02:22:08,2021-01-13 18:53:33
287,3,1,,Saturday,14:00:00,15:00:00,2021-01-08 02:22:33,2021-01-13 18:53:37
288,3,2,,Saturday,14:00:00,15:00:00,2021-01-08 02:23:47,2021-01-13 18:53:32
289,3,2,,Saturday,15:00:00,16:00:00,2021-01-08 02:24:54,2021-01-08 02:25:01
290,3,1,,Saturday,15:00:00,16:00:00,2021-01-08 02:25:21,2021-01-08 02:54:48
291,3,2,,Saturday,15:00:00,16:00:00,2021-01-08 02:53:11,2021-01-13 18:53:31
292,3,1,,Saturday,16:00:00,17:00:00,2021-01-08 02:53:56,2021-01-13 18:53:31
293,3,2,,Saturday,16:00:00,17:00:00,2021-01-08 02:54:29,2021-01-13 18:53:31
294,3,3,,Saturday,15:00:00,16:00:00,2021-01-08 02:55:13,2021-01-13 18:53:30
295,4,1,Friday 18:25 - 19:25,Friday,18:25:00,19:25:00,2021-01-09 00:13:15,2021-03-18 17:57:07
296,2,1,Tuesday 17:15 - 18:15,Tuesday,17:15:00,18:15:00,2021-01-12 11:10:32,2021-01-23 22:11:56
297,2,1,Tuesday 18:25 - 19:25,Tuesday,18:25:00,19:25:00,2021-01-12 11:11:07,2021-01-23 22:11:58
298,2,2,Tuesday 18:25 - 19:25,Tuesday,18:25:00,19:25:00,2021-01-12 11:11:29,2021-01-23 22:12:00
299,2,3,Tuesday 18:25 - 19:25,Tuesday,18:25:00,19:25:00,2021-01-12 11:11:49,2021-01-23 22:12:03
300,2,1,Tuesday 19:35 - 20:35,Tuesday,19:35:00,20:35:00,2021-01-12 11:12:11,2021-01-23 22:12:05
301,2,2,Tuesday 19:35 - 20:35,Tuesday,19:35:00,20:35:00,2021-01-12 11:12:33,2021-01-23 22:12:07
302,2,3,Tuesday 19:35 - 20:35,Tuesday,19:35:00,20:35:00,2021-01-12 11:12:52,2021-01-23 22:12:10
303,2,1,Friday 18:25 - 19:25,Friday,18:25:00,19:25:00,2021-01-12 11:13:23,2021-01-23 22:12:12
304,2,2,Friday 18:25 - 19:25,Friday,18:25:00,19:25:00,2021-01-12 11:13:50,2021-01-23 22:12:15
305,2,1,Friday 19:35 - 20:35,Friday,19:35:00,20:35:00,2021-01-12 11:14:15,2021-01-23 22:12:17
306,2,2,Friday 19:35 - 20:35,Friday,19:35:00,20:35:00,2021-01-12 11:14:38,2021-01-23 22:12:20
307,2,3,Friday 19:35 - 20:35,Friday,19:35:00,20:35:00,2021-01-12 11:14:59,2021-01-23 22:12:22
308,2,1,Friday 20:45 - 21:45,Friday,20:45:00,21:45:00,2021-01-12 11:15:33,2021-01-23 22:12:24
309,2,2,Friday 20:45 - 21:45,Friday,20:45:00,21:45:00,2021-01-12 11:16:05,2021-01-23 22:12:25
310,2,3,Friday 20:45 - 21:45,Friday,20:45:00,21:45:00,2021-01-12 11:16:23,2021-01-23 22:12:27
311,2,1,Saturday 11:00 - 12:00,Saturday,11:00:00,12:00:00,2021-01-12 11:27:05,2021-01-23 22:12:34
312,2,2,Saturday 11:00 - 12:00,Saturday,11:00:00,12:00:00,2021-01-12 11:27:25,2021-01-23 22:12:36
313,2,1,Saturday 12:00 - 13:00,Saturday,12:00:00,13:00:00,2021-01-12 11:27:45,2021-01-23 22:12:37
314,2,2,Saturday 12:00 - 13:00,Saturday,12:00:00,13:00:00,2021-01-12 11:28:08,2021-01-23 22:12:39
315,2,3,Saturday 12:00 - 13:00,Saturday,12:00:00,13:00:00,2021-01-12 11:28:27,2021-01-23 22:12:40
316,2,1,Saturday 13:00 - 14:00,Saturday,13:00:00,14:00:00,2021-01-12 11:28:50,2021-01-23 22:12:43
317,2,2,Saturday 13:00 - 14:00,Saturday,13:00:00,14:00:00,2021-01-12 11:30:17,2021-01-23 22:12:44
318,2,3,Saturday 13:00 - 14:00,Saturday,13:00:00,14:00:00,2021-01-12 11:30:34,2021-01-23 22:12:46
319,2,1,Saturday 14:00 - 15:00,Saturday,14:00:00,15:00:00,2021-01-12 12:11:57,2021-01-23 22:12:50
320,2,2,Saturday 14:00 - 15:00,Saturday,14:00:00,15:00:00,2021-01-12 12:12:21,2021-01-20 20:47:38
321,2,1,Saturday 15:00 - 16:00,Saturday,15:00:00,16:00:00,2021-01-12 12:12:51,2021-01-23 22:12:52
322,2,2,Saturday 15:00 - 16:00,Saturday,15:00:00,16:00:00,2021-01-12 12:13:09,2021-01-23 22:12:54
323,2,3,Saturday 15:00 - 16:00,Saturday,15:00:00,16:00:00,2021-01-12 12:13:26,2021-01-23 22:12:56
324,2,1,Saturday 16:00 - 17:00,Saturday,16:00:00,17:00:00,2021-01-12 12:13:51,2021-01-23 22:12:57
325,2,2,Saturday 16:00 - 17:00,Saturday,16:00:00,17:00:00,2021-01-12 12:14:07,2021-01-23 22:13:01
326,2,1,Saturday 17:00 - 18:00,Saturday,17:00:00,18:00:00,2021-01-12 12:14:26,2021-01-23 22:13:03
327,2,2,Saturday 17:00 - 18:00,Saturday,17:00:00,18:00:00,2021-01-12 12:14:44,2021-01-23 22:13:05
328,2,3,Saturday 17:00 - 18:00,Saturday,17:00:00,18:00:00,2021-01-12 12:15:00,2021-01-23 22:13:06
331,10,1,Wednesday 17:00 - 18:00,Wednesday,17:00:00,18:00:00,2021-01-12 17:57:58,2021-04-18 19:46:45
332,10,1,Thursday 19:30 - 20:30,Thursday,19:30:00,20:30:00,2021-01-12 17:58:27,2021-04-18 19:33:36
333,10,2,Thursday 19:30 - 20:30,Thursday,19:30:00,20:30:00,2021-01-12 17:58:47,2021-04-18 19:34:18
369,11,1,Friday 18:00 - 19:00 (old),Friday,18:00:00,19:00:00,2021-01-16 17:21:37,2023-10-20 16:30:03
371,7,1,Saturday 11:00 - 12:00 (I),Saturday,11:00:00,12:00:00,2021-01-17 21:59:49,2021-01-23 16:52:55
373,9,2,Wednesday 18:00 - 19:00,Wednesday,18:00:00,19:00:00,2021-01-19 13:04:54,2022-08-23 10:14:19
374,9,1,Thursday 19:00 - 20:00,Thursday,19:00:00,20:00:00,2021-01-19 13:05:45,2021-01-20 16:45:51
378,9,2,Saturday 10:00 - 11:00 (ll),Saturday,10:00:00,11:00:00,2021-01-19 13:12:35,2022-01-08 19:41:21
379,9,1,,Saturday,11:00:00,12:00:00,2021-01-19 13:13:10,2021-01-19 13:15:00
385,9,3,Wednesday 14:00 - 15:00,Wednesday,14:00:00,15:00:00,2021-01-19 13:18:26,2022-01-08 19:39:46
390,8,1,,Friday,19:00:00,20:00:00,2021-01-19 20:59:28,2021-01-19 21:15:26
391,8,2,,Friday,19:00:00,20:00:00,2021-01-19 21:00:09,2021-01-19 21:15:27
392,8,1,,Friday,20:00:00,21:00:00,2021-01-19 21:02:15,2021-01-19 21:15:30
393,8,2,,Friday,20:00:00,21:00:00,2021-01-19 21:02:49,2021-01-19 21:15:32
394,8,1,,Wednesday,19:30:00,20:30:00,2021-01-19 21:19:49,2021-01-19 22:31:21
395,8,3,,Thursday,19:00:00,20:00:00,2021-01-19 21:21:24,2021-01-19 22:40:45
396,8,1,,Friday,19:00:00,20:00:00,2021-01-19 21:22:03,2021-01-19 22:32:03
397,8,2,,Friday,19:00:00,20:00:00,2021-01-19 21:23:19,2021-01-19 22:59:19
398,8,1,,Friday,20:00:00,21:00:00,2021-01-19 21:24:00,2021-01-19 22:37:43
399,8,2,,Friday,20:00:00,21:00:00,2021-01-19 21:24:42,2021-01-19 22:59:20
400,8,1,,Saturday,08:30:00,09:30:00,2021-01-19 21:25:24,2021-01-19 22:59:25
401,8,2,,Saturday,08:30:00,09:30:00,2021-01-19 21:26:12,2021-01-19 22:59:20
402,8,2,,Saturday,10:00:00,11:00:00,2021-01-19 21:26:58,2021-01-19 22:59:26
403,8,1,,Saturday,15:00:00,16:00:00,2021-01-19 21:27:51,2021-01-19 22:59:21
404,8,2,,Saturday,15:00:00,16:00:00,2021-01-19 21:28:32,2021-01-19 22:59:00
405,8,1,,Saturday,16:00:00,17:00:00,2021-01-19 21:29:28,2021-01-19 22:47:35
406,8,2,,Saturday,16:00:00,17:00:00,2021-01-19 21:30:34,2021-01-19 22:37:28
407,8,2,,Thursday,19:00:00,20:00:00,2021-01-19 21:31:39,2021-01-19 22:31:44
408,8,3,,Thursday,19:00:00,20:00:00,2021-01-19 22:48:34,2021-01-19 22:58:55
409,8,1,,Wednesday,19:30:00,20:30:00,2021-01-19 22:49:32,2021-01-19 22:59:07
410,8,2,,Thursday,19:00:00,20:00:00,2021-01-19 22:50:12,2021-01-19 22:59:26
411,8,1,,Friday,19:00:00,20:00:00,2021-01-19 22:52:23,2021-01-19 22:59:27
412,8,1,,Friday,20:00:00,21:00:00,2021-01-19 22:54:29,2021-01-19 22:57:29
413,8,2,,Saturday,16:00:00,17:00:00,2021-01-19 22:55:34,2021-01-19 22:59:23
414,8,1,,Friday,20:00:00,21:00:00,2021-01-19 22:56:39,2021-01-19 22:59:24
416,8,1,Saturday 16:00 - 17:00,Saturday,16:00:00,17:00:00,2021-01-19 23:00:49,2021-12-02 14:18:59
417,8,1,,Friday,20:00:00,21:00:00,2021-01-19 23:01:38,2021-01-19 23:01:45
418,8,1,Thursday  19:00 - 20:00,Thursday,19:00:00,20:00:00,2021-01-19 23:02:16,2021-12-02 14:19:02
421,8,2,Thursday 19:00 - 20:00,Thursday,19:00:00,20:00:00,2021-01-19 23:04:17,2021-12-02 23:52:32
422,8,1,,Friday,20:00:00,21:00:00,2021-01-19 23:07:09,2021-01-19 23:08:47
424,8,2,Friday 19:00 - 20:00,Friday,19:00:00,20:00:00,2021-01-19 23:09:52,2021-01-30 22:36:32
430,8,2,Saturday 10:00 - 11:00,Saturday,10:00:00,11:00:00,2021-01-19 23:15:29,2021-01-30 23:20:21
431,7,1,Saturday 11:00 - 12:00 (II),Saturday,11:00:00,12:00:00,2021-01-20 11:12:00,2021-01-23 16:52:57
432,9,1,Saturday 14:00 - 15:00,Saturday,14:00:00,15:00:00,2021-01-20 16:11:11,2021-01-20 16:44:47
434,9,2,Thursday 19:00 - 20:00,Thursday,19:00:00,20:00:00,2021-01-20 16:46:36,2022-01-08 19:38:48
435,2,2,Saturday 14:00 - 15:00,Saturday,14:00:00,15:00:00,2021-01-20 20:47:25,2021-01-23 22:13:08
439,7,1,Tue 6:25 - 7:25 (x),Tuesday,18:25:00,19:25:00,2021-01-23 16:57:37,2023-03-25 11:49:04
445,7,1,Saturday 10:00 - 11:00 (Vivace),Saturday,10:00:00,11:00:00,2021-01-23 17:01:34,2021-03-27 20:23:41
446,7,1,Saturday 10:00 - 11:00 (Hall),Saturday,10:00:00,11:00:00,2021-01-23 17:02:09,2021-03-27 20:25:57
449,7,2,Sat 2pm - 3pm (Kids),Saturday,14:00:00,15:00:00,2021-01-23 17:03:54,2023-09-26 21:14:34
451,7,1,Sat 11am - 12pm (Kiddo),Saturday,11:00:00,12:00:00,2021-01-23 17:05:11,2023-09-26 21:26:56
453,2,1,Tuesday 17:15 - 18:15,Tuesday,17:15:00,18:15:00,2021-01-23 22:13:54,2023-08-12 14:47:22
454,2,1,Tuesday 18:25 - 19:25,Tuesday,18:25:00,19:25:00,2021-01-23 22:14:26,2023-08-12 14:47:26
455,2,2,Tuesday 18:25 - 19:25,Tuesday,18:25:00,19:25:00,2021-01-23 22:14:56,2023-08-12 14:47:28
456,2,3,Tuesday 18:25 - 19:25,Tuesday,18:25:00,19:25:00,2021-01-23 22:15:19,2023-08-12 14:47:57
457,2,1,Tuesday 19:35 - 20:35,Tuesday,19:35:00,20:35:00,2021-01-23 22:15:43,2023-08-12 14:48:02
458,2,2,Tuesday 19:35 - 20:35,Tuesday,19:35:00,20:35:00,2021-01-23 22:16:17,2023-08-12 14:48:06
459,2,3,Tuesday 19:35 - 20:35,Tuesday,19:35:00,20:35:00,2021-01-23 22:17:07,2023-08-12 14:48:08
486,11,3,Monday 00:01 - 00:02,Monday,00:01:00,00:02:00,2021-01-27 14:25:41,2021-01-27 14:26:01
492,4,1,Friday 18:25 - 19:25,Friday,18:25:00,19:25:00,2021-02-02 22:32:22,2021-03-18 17:57:21
493,4,1,Tuesday 20:45 - 21:45 (1),Tuesday,20:45:00,21:45:00,2021-02-06 22:41:24,2021-03-18 16:49:51
494,4,2,Tuesday 19:35 - 20:35 (1),Tuesday,19:35:00,20:35:00,2021-02-07 16:55:58,2021-03-18 16:11:32
495,11,2,Thursday 06:00 - 07:00,Thursday,06:00:00,07:00:00,2021-03-14 13:22:29,2021-11-06 15:43:41
499,13,1,Friday 07:30 - 08:30,Friday,07:30:00,08:30:00,2021-03-21 16:00:34,2021-03-21 16:04:35
500,13,1,Saturday 11:00 - 12:00,Saturday,11:00:00,12:00:00,2021-03-21 16:02:03,2021-03-21 16:04:40
501,13,1,Saturday 01:00 - 02:00,Saturday,01:00:00,02:00:00,2021-03-21 16:02:30,2021-03-21 16:04:43
502,13,1,Friday 07:30 - 08:30,Friday,07:30:00,08:30:00,2021-03-21 16:06:31,2021-03-21 16:26:33
503,13,1,Saturday 11:00 - 12:00,Saturday,11:00:00,12:00:00,2021-03-21 16:18:37,2021-03-21 16:26:35
504,13,1,Friday 19:30 - 20:30 (old),Friday,19:30:00,20:30:00,2021-03-21 16:26:59,2021-04-01 12:10:56
505,13,1,Saturday 11:00 - 12:00,Saturday,11:00:00,12:00:00,2021-03-21 16:27:19,2021-03-28 12:01:13
506,13,1,Saturday 13:00 - 14:00 (old),Saturday,13:00:00,14:00:00,2021-03-21 16:28:07,2021-04-01 12:30:29
507,4,3,Tuesday 18:25 - 19:25,Tuesday,18:25:00,19:25:00,2021-03-22 16:26:31,2024-04-03 00:01:25
509,4,3,Tuesday 19:35 - 20:35,Tuesday,19:35:00,20:35:00,2021-03-22 17:44:19,2024-04-03 00:01:33
513,6,2,Wednesday 19:50 - 20:50 (Class B),Wednesday,19:50:00,20:50:00,2021-03-24 17:26:21,2021-03-24 17:28:36
517,4,1,Friday 18:25 - 19:25 (NEW),Friday,18:25:00,19:25:00,2021-03-25 22:19:31,2021-03-25 23:05:30
518,4,1,Friday 19:35 - 20:35 (NEW),Friday,19:35:00,20:35:00,2021-03-25 22:20:43,2021-03-25 23:05:27
519,4,1,Friday 20:45 - 21:45 (NEW),Friday,20:45:00,21:45:00,2021-03-25 22:21:03,2021-03-25 23:05:25
520,4,2,Friday 18:25 - 19:25,Friday,18:25:00,19:25:00,2021-03-25 22:22:27,2021-03-25 23:05:23
527,13,1,Saturday 11:00 - 12:00 (old),Saturday,11:00:00,12:00:00,2021-03-28 12:00:00,2021-12-01 23:48:25
528,2,1,Tuesday 16:00 - 17:00,Tuesday,16:00:00,17:00:00,2021-03-29 13:17:16,2023-08-12 14:48:31
529,9,1,Saturday 10:00 - 11:00 (ll) Wrong,Saturday,10:00:00,11:00:00,2021-03-30 11:55:15,2021-09-02 11:35:25
530,2,2,Tuesday 16:00 - 17:00,Tuesday,16:00:00,17:00:00,2021-03-30 16:39:27,2023-08-12 14:48:29
534,13,1,Friday 19:30 - 20:30,Friday,19:30:00,20:30:00,2021-03-31 16:42:18,2021-03-31 16:43:04
535,13,1,Saturday 11:00 - 12:00 (old),Saturday,11:00:00,12:00:00,2021-03-31 16:44:16,2021-04-01 12:29:08
538,7,1,(Freeze Kiddo),Tuesday,22:00:00,23:00:00,2021-04-01 00:39:14,2023-03-25 12:05:58
539,7,2,(Freeze Kids),Tuesday,22:00:00,23:00:00,2021-04-01 00:40:53,2023-03-25 12:06:02
545,9,2,Saturday 14:00,Saturday,14:00:00,15:00:00,2021-04-01 16:15:43,2022-01-08 19:38:51
554,9,3,Superkids 12:00 - 13:00,Saturday,12:00:00,13:00:00,2021-05-05 15:27:23,2023-02-20 12:32:21
555,9,1,Saturday 10:00 - 11:00 (II),Saturday,10:00:00,11:00:00,2021-06-22 20:59:17,2021-06-22 21:02:14
556,9,1,Kiddo B10,Saturday,10:00:00,11:00:00,2021-06-22 21:03:15,2023-02-20 12:32:26
557,2,3,Superkids Sat 3-4pm,Saturday,15:00:00,16:00:00,2021-10-23 18:01:05,2023-08-24 20:26:01
559,9,2,Kids 9-10am,Saturday,09:00:00,10:00:00,2021-10-26 18:40:18,2024-01-08 10:35:58
560,4,2,Saturday 11:00 - 12:00,Saturday,11:00:00,12:00:00,2021-11-10 12:24:38,2021-11-10 12:29:15
562,9,3,Superkids Thursday,Thursday,06:45:00,07:45:00,2021-11-27 19:16:34,2023-02-20 12:32:00
563,9,2,Kids B9,Saturday,09:00:00,10:00:00,2022-01-08 19:29:04,2023-02-20 12:31:42
564,13,1,Kiddo room kaizen,Saturday,10:00:00,11:00:00,2022-01-12 14:44:10,2022-01-12 14:44:22
565,13,1,Saturday 11:00 - 12:00 room Quality,Saturday,11:00:00,12:00:00,2022-01-12 14:46:31,2022-02-26 11:36:08
567,13,1,Friday 19:30 - 20:30 room Quality,Friday,19:30:00,20:30:00,2022-01-12 14:48:20,2022-04-02 15:52:08
570,11,2,Saturday 14.00-15.00,Saturday,14:00:00,15:00:00,2022-01-24 16:25:37,2022-01-24 16:34:23
571,11,2,Saturday 14:00 - 15:00 (old),Saturday,14:00:00,15:00:00,2022-01-24 16:36:26,2023-10-20 16:36:09
573,13,2,Saturday 11:00 - 12:00,Saturday,11:00:00,12:00:00,2022-02-26 09:22:37,2022-03-08 22:44:26
574,5,3,Saturday 12.00-1.00pm,Saturday,12:00:00,13:00:00,2022-03-08 14:59:07,2022-03-08 15:00:18
583,11,1,Sat 17:00 - 18:00,Saturday,17:00:00,18:00:00,2022-03-12 12:43:49,2024-07-27 10:34:06
584,11,1,Sat 10:00 - 11:00,Saturday,10:00:00,11:00:00,2022-03-12 12:44:14,2024-07-27 10:19:26
588,2,1,Tuesday Kiddo 1,Monday,06:25:00,07:25:00,2022-03-25 02:01:39,2022-03-25 02:01:46
589,2,1,Tuesday Kiddo 1,Tuesday,18:25:00,19:25:00,2022-03-25 02:13:11,2023-08-12 14:48:24
591,13,1,Friday 20:30 - 21:30,Friday,20:30:00,21:30:00,2022-04-02 14:53:37,2022-05-21 13:46:40
592,13,2,Saturday 10:00 - 11:00,Saturday,10:00:00,11:00:00,2022-04-24 12:47:15,2022-05-07 09:46:11
593,9,2,Kids B11,Saturday,11:00:00,12:00:00,2022-05-01 20:21:11,2022-08-23 10:13:00
597,6,1,Kiddo 20:45 - 21:45,Tuesday,20:45:00,21:45:00,2022-05-19 22:44:56,2022-05-19 22:45:41
598,3,1,Freeze Slot,Monday,12:00:00,13:00:00,2022-05-21 14:59:12,2022-11-27 15:46:09
599,3,2,Freeze Slot,Monday,12:00:00,13:00:00,2022-05-21 15:00:04,2022-11-27 15:46:03
609,7,2,Tue 8:45 - 9:45 (K),Tuesday,20:45:00,21:45:00,2022-06-30 10:14:00,2022-06-30 10:24:51
610,7,1,Tue 7.35-8.35 (x),Tuesday,19:35:00,20:35:00,2022-06-30 10:16:43,2022-06-30 10:50:24
611,7,3,Sat 03:00-04:00 (K),Saturday,15:00:00,16:00:00,2022-06-30 10:20:03,2022-06-30 10:51:06
612,7,3,Sat 01:00-02:00,Saturday,13:00:00,14:00:00,2022-06-30 10:20:41,2022-06-30 10:50:57
613,7,1,Sat 03:00-04:00 (H),Saturday,15:00:00,16:00:00,2022-06-30 10:27:26,2022-06-30 10:51:00
614,7,2,Sat 03:00-04:00 (P),Saturday,15:00:00,16:00:00,2022-06-30 10:28:35,2022-06-30 10:51:02
615,7,1,Sat 04:00-05:00 (H),Saturday,16:00:00,17:00:00,2022-06-30 10:29:29,2022-06-30 10:51:02
616,7,2,Sat 4pm - 5pm (Kids),Saturday,16:00:00,17:00:00,2022-06-30 10:30:12,2023-09-26 16:04:26
619,11,2,Friday 19.00-20.00,Friday,19:00:00,20:00:00,2022-07-22 19:51:55,2022-07-22 19:53:00
621,5,3,Satuday 12pm Superkids,Saturday,12:00:00,13:00:00,2022-07-26 18:39:01,2022-07-26 18:42:11
630,14,1,Class A,Friday,20:00:00,21:00:00,2022-09-25 21:10:51,2022-09-26 14:13:38
636,6,3,Saturday 17:00 - 18:00,Saturday,17:00:00,18:00:00,2022-09-29 12:03:07,2022-09-29 12:03:57
638,7,3,Sat 01:00-02:00 (Super),Saturday,01:00:00,02:00:00,2022-09-29 22:50:56,2022-12-15 18:54:48
649,14,2,Sat 4pm - 5pm,Saturday,16:00:00,17:00:00,2022-11-12 11:54:17,2024-09-14 13:40:15
650,14,2,Sat 11:00 - 12:00,Saturday,11:00:00,12:00:00,2022-11-12 15:35:08,2022-11-12 15:37:00
651,14,2,Sat 2pm-3pm,Saturday,14:00:00,15:00:00,2022-11-12 15:36:02,2022-11-12 15:38:18
653,14,1,Sat 4pm - 5pm,Saturday,16:00:00,17:00:00,2022-11-12 15:39:29,2024-09-14 13:41:43
654,14,1,Sat 5pm-6pm,Saturday,17:00:00,18:00:00,2022-11-12 15:40:49,2023-06-09 20:58:56
655,14,2,Sat 5pm-6pm,Saturday,17:00:00,18:00:00,2022-11-12 15:41:18,2023-06-09 20:59:00
656,14,1,Tue 1430 - 1530,Tuesday,14:30:00,15:30:00,2022-11-22 14:44:03,2024-09-14 13:38:13
658,3,1,Freeze Slot,Tuesday,12:00:00,13:00:00,2022-11-27 11:23:44,2022-11-27 11:24:49
662,7,1,x Thurs 6.25pm - 7.25pm (Kiddo),Thursday,06:25:00,07:25:00,2023-01-03 16:51:10,2023-03-25 16:08:25
663,7,2,X Thurs 6.25pm - 7.25pm (Kids),Thursday,06:25:00,07:25:00,2023-01-03 16:51:49,2023-03-25 16:10:11
665,7,1,Thursday Kiddo 6.25pm,Thursday,06:25:00,07:25:00,2023-02-28 07:21:43,2023-02-28 07:22:03
666,7,1,x Thurs 7.35pm - 8.35pm (Kiddo),Thursday,07:35:00,08:35:00,2023-02-28 07:22:52,2023-03-25 16:47:15
667,7,2,X Thurs 7.35pm - 8.35pm (Kids),Thursday,07:35:00,08:35:00,2023-02-28 07:23:16,2023-03-25 16:47:18
668,7,1,Thurs 8.45pm - 9.45pm X Kiddo,Thursday,08:45:00,09:45:00,2023-02-28 07:24:17,2023-03-25 12:33:00
669,7,2,X Thurs 8.45pm - 9.45pm X (Kids),Thursday,08:45:00,09:45:00,2023-02-28 07:24:49,2023-03-25 16:53:56
672,9,2,Kids2 11-12,Saturday,11:00:00,12:00:00,2023-03-02 09:46:32,2024-01-08 10:35:25
675,14,1,Sat 11:00 - 12:00 (2),Saturday,11:00:00,12:00:00,2023-03-03 00:16:21,2023-03-03 00:25:28
676,14,1,Sat 11:00 - 12:00 B,Saturday,11:00:00,12:00:00,2023-03-03 00:26:17,2024-09-14 13:42:03
677,16,1,Class A,Friday,17:00:00,18:00:00,2023-03-09 20:18:09,2023-03-09 20:18:23
682,7,1,Sat 3pm - 4pm (Kiddo),Saturday,15:00:00,16:00:00,2023-03-25 11:55:14,2023-03-25 12:21:23
683,7,2,Sat 3.00pm - 4.00pm (Kids),Saturday,15:00:00,16:00:00,2023-03-25 12:18:00,2023-03-25 12:21:19
684,7,2,Sat 3 - 4pm (Kids) OLD,Saturday,15:00:00,16:00:00,2023-03-25 12:21:12,2023-09-26 20:34:34
685,7,1,Sat 3 - 4pm (Kiddo) OLD,Saturday,15:00:00,16:00:00,2023-03-25 12:21:57,2023-09-26 20:34:37
686,7,1,X Thurs 8.45pm - 9.45pm (Kiddo),Thursday,20:45:00,21:45:00,2023-03-25 12:30:59,2023-03-25 16:53:58
687,7,2,x Thurs 8.45pm - 9.45pm (Kids),Thursday,20:45:00,21:45:00,2023-03-25 12:31:50,2023-03-25 16:54:00
688,7,1,Thurs 6.25pm - 7.25pm (Kiddo),Thursday,18:25:00,19:25:00,2023-03-25 12:51:37,2023-03-25 13:46:34
689,7,2,Thurs 6.25pm - 7.25pm (Kids),Thursday,18:25:00,19:25:00,2023-03-25 12:52:37,2023-03-25 13:46:36
690,7,1,Thurs 7.35pm - 8.35pm (Kiddo),Thursday,19:35:00,20:35:00,2023-03-25 12:54:12,2023-03-25 13:46:37
691,7,2,Thurs 7.35pm - 8.35pm (Kids),Thursday,19:35:00,20:35:00,2023-03-25 12:55:15,2023-03-25 13:46:38
692,7,1,Thurs 8.45pm - 9.45pm (Kiddo),Thursday,20:45:00,21:45:00,2023-03-25 12:57:01,2023-03-25 13:46:39
693,7,2,Thurs 8.45pm - 9.45pm (Kids),Thursday,20:45:00,21:45:00,2023-03-25 12:57:33,2023-03-25 13:46:41
696,7,1,Thurs 7.35pm - 8.35pm (Kiddo),Saturday,19:35:00,20:35:00,2023-03-25 16:17:05,2023-03-25 16:17:40
698,7,2,Thurs 7.35pm - 8.35pm (Kiddo),Thursday,19:35:00,20:35:00,2023-03-25 16:18:30,2023-03-25 16:42:22
705,4,1,Tuesday 17:25 - 18:25,Tuesday,17:25:00,18:25:00,2023-04-02 16:58:11,2023-04-02 16:58:56
719,14,1,Sat 12-1pm,Saturday,12:00:00,13:00:00,2023-06-09 20:58:37,2023-06-09 20:59:26
724,2,3,Superkids Thurs 7:35-8:35pm,Thursday,19:35:00,20:35:00,2023-07-01 17:33:40,2023-08-24 19:02:53
728,17,1,KIDDO SAT 1200-1300,Saturday,12:00:00,13:00:00,2023-07-25 14:46:44,2023-08-03 19:15:56
729,17,1,KIDDO SAT 1300-1400,Saturday,13:00:00,14:00:00,2023-07-25 14:47:33,2023-08-03 19:16:00
730,17,2,KIDS SAT 1100-1200,Saturday,11:00:00,12:00:00,2023-07-25 14:48:27,2023-08-03 19:16:04
731,17,2,KIDS SAT 1400-1500,Saturday,14:00:00,15:00:00,2023-07-25 14:49:06,2023-08-03 19:16:06
732,17,1,KIDDO FRI 1830-1930,Friday,18:30:00,19:30:00,2023-08-01 13:37:17,2023-08-03 19:16:08
739,11,2,Friday 19.00 - 20.00 (2),Friday,19:00:00,20:00:00,2023-08-04 18:08:35,2023-08-04 18:22:49
740,11,2,Fri 19:00 - 20:00 (B),Friday,19:00:00,20:00:00,2023-08-04 18:18:34,2023-10-20 18:40:34
742,17,1,KIDDO SAT 1400-1500,Saturday,14:00:00,15:00:00,2023-08-11 18:53:07,2023-08-13 18:15:03
745,2,3,Superkids Sat 2-3pm,Saturday,14:00:00,15:00:00,2023-08-19 16:54:51,2023-08-24 18:55:30
746,2,3,Superkids Sat 2-3pm,Saturday,14:00:00,15:00:00,2023-08-24 18:56:43,2023-08-24 19:41:20
747,2,3,Superkids Thurs 7:35-8:35pm,Thursday,19:35:00,20:35:00,2023-08-24 18:58:31,2023-08-24 19:41:24
750,2,3,Superkids Thurs 19.35 - 20.45,Thursday,19:35:00,20:45:00,2023-08-26 15:26:43,2023-08-26 15:29:17
767,7,1,Sat 3-4pm (Kiddo) ---,Saturday,15:00:00,16:00:00,2023-09-26 16:09:13,2023-09-26 20:29:38
768,7,2,Sat 3-4pm (Kids) ---,Saturday,15:00:00,16:00:00,2023-09-26 16:10:21,2023-09-26 20:29:43
776,19,1,Fri Kiddo (Yevonne) Fri 7-8pm,Friday,19:00:00,20:00:00,2023-10-06 15:40:10,2023-11-09 11:15:06
778,19,1,Sat Kiddo (Jean) 2-3pm,Saturday,14:00:00,15:00:00,2023-10-11 00:40:44,2023-11-09 11:15:15
781,20,1,KIDDO Thu 7-8pm Class A,Thursday,19:00:00,20:00:00,2023-10-17 10:23:17,2023-10-17 10:26:59
783,20,1,KIDDO Sat 11-12pm Class A,Saturday,11:00:00,12:00:00,2023-10-17 10:24:57,2023-10-17 10:25:15
792,20,2,KIDDS Sat 10-11pm Class A,Saturday,10:00:00,11:00:00,2023-11-02 10:43:05,2023-11-02 22:15:13
795,17,1,KIDDO MON 1930-2030,Monday,19:30:00,20:30:00,2023-11-04 16:26:52,2024-06-14 19:23:43
799,19,1,Sat Kiddo ( Jean) 3-4pm B,Saturday,15:00:00,16:00:00,2023-11-09 11:00:37,2023-11-09 11:16:32
802,17,1,KIDDO SAT 1100-1200 (2) WRONG,Saturday,11:00:00,12:00:00,2023-11-25 12:57:36,2023-12-21 15:55:21
803,17,1,KIDDO FRI 1830-1930 (3),Friday,18:30:00,19:30:00,2023-11-25 14:21:28,2023-12-21 16:01:19
805,17,2,KIDS SAT 1300-1400,Saturday,13:00:00,14:00:00,2023-11-25 14:54:12,2023-12-24 16:27:40
806,17,1,KIDDO SAT 1400-1500 (4),Saturday,14:00:00,15:00:00,2023-11-25 15:16:25,2023-12-21 16:03:24
813,23,1,Kiddo Fri 630-730pm Class A,Friday,18:30:00,19:30:00,2023-12-12 14:29:14,2023-12-12 14:32:30
824,22,1,Kiddo Wed 4.30-5.30pm Class A,Wednesday,16:30:00,17:30:00,2023-12-18 18:12:40,2024-03-11 13:52:10
825,22,2,Kids Sat 12-1pm Class A,Saturday,12:00:00,13:00:00,2023-12-20 16:21:59,2023-12-23 23:00:28
834,22,2,Kids Sat 12-1pm Class A,Saturday,12:00:00,13:00:00,2023-12-23 22:59:38,2024-02-28 14:06:48
838,22,2,Kids Wed 6.30-7.30pm Class A,Wednesday,18:30:00,19:30:00,2024-01-02 11:48:22,2024-03-11 13:52:16
844,21,1,Kiddo Sat 11-12pm,Saturday,11:00:00,12:00:00,2024-01-06 11:11:35,2024-01-06 11:14:54
845,22,2,Sat Kids 11-12am (Temp),Saturday,11:00:00,12:00:00,2024-01-06 20:31:09,2024-02-28 14:06:43
855,13,1,Thursday Kiddo 5:30pm-630pm,Thursday,17:30:00,18:30:00,2024-02-17 10:26:17,2024-04-02 22:43:22
856,18,1,SAT 11:30 [CANCELLED],Saturday,11:30:00,12:30:00,2024-02-27 14:06:38,2024-04-24 15:47:11
861,20,1,KIDDO Thu 7-8pm Class B,Thursday,19:00:00,20:00:00,2024-03-12 20:12:02,2024-03-14 19:18:29
862,4,3,Saturday 11:00 - 12:00,Saturday,11:00:00,12:00:00,2024-03-13 12:08:15,2024-03-13 12:11:00
864,4,2,THURSDAY 18:25 - 19:25,Thursday,18:25:00,19:25:00,2024-03-13 18:39:41,2024-06-01 08:09:45
877,18,1,kiddo 11:30am- 12:30pm (B),Saturday,11:30:00,12:30:00,2024-04-05 21:41:07,2024-04-24 15:46:56
883,27,1,Kiddo Fri 3-4PM Class A,Friday,15:00:00,16:00:00,2024-04-11 21:57:26,2024-04-19 08:10:48
886,24,1,Kiddo Sat 1pm-2pm B,Saturday,13:00:00,14:00:00,2024-05-04 16:38:51,2024-05-04 16:52:33
889,18,1,SAT | 1:30 - 2:30PM (KIDDO),Saturday,13:30:00,14:30:00,2024-05-14 22:50:19,2024-05-14 22:51:09
895,25,1,Kiddo Fri 3:00pm - 4:00pm,Friday,15:00:00,16:00:00,2024-06-11 20:28:56,2024-06-14 22:33:00
900,28,2,Kids Fri 8:45-8:45pm,Friday,20:45:00,21:45:00,2024-06-22 14:48:50,2024-08-05 20:10:42
904,28,1,Kiddo Sat 1:00-2:00pm,Saturday,13:00:00,14:00:00,2024-07-02 07:37:03,2024-08-05 20:12:42
905,28,1,Kiddo Sat 2:15-3:15pm,Saturday,14:15:00,15:15:00,2024-07-02 07:41:33,2024-08-05 20:13:08
909,19,1,Kiddo Veron Sat 2-3pm,Saturday,14:00:00,15:00:00,2024-07-09 18:44:25,2024-09-23 16:13:14
912,18,1,FRI 9:30AM - 10:30AM KIDDO,Friday,09:30:00,10:30:00,2024-07-10 15:05:20,2024-07-10 15:05:34
914,24,2,Kid Fri 8.30-9.30pm,Friday,19:30:00,20:30:00,2024-07-11 11:48:11,2024-07-11 12:01:03
917,27,1,[X] Kiddo thurs 5.30-6.30pm,Thursday,17:30:00,18:30:00,2024-07-16 15:07:14,2024-10-02 02:34:54
918,25,2,Kids Sun 3pm - 4pm,Sunday,15:00:00,16:00:00,2024-07-19 20:13:03,2024-07-19 20:15:14
919,25,2,Kids Sun 3pm - 4pm,Sunday,15:00:00,16:00:00,2024-07-19 20:16:27,2024-07-19 20:17:58
920,25,2,Kids Sun 3pm - 4pm,Sunday,15:00:00,16:00:00,2024-07-19 20:19:50,2024-07-19 20:21:00
928,4,1,THURSDAY 18:25 - 19:25,Thursday,18:25:00,19:25:00,2024-07-31 09:23:30,2024-07-31 09:36:50
939,29,1,Kiddo Fri 6-7pm,Friday,18:00:00,19:00:00,2024-08-03 20:16:32,2024-08-03 20:18:48
947,30,1,Kiddo Tue 2-3pm,Tuesday,14:00:00,15:00:00,2024-08-13 13:21:51,2024-08-13 18:35:55
949,30,2,Kids Tue 2-3pm,Tuesday,14:00:00,15:00:00,2024-08-13 18:30:26,2024-09-20 17:16:25
950,30,1,Kidd0 Fri 7.30pm Class B,Friday,19:30:00,20:30:00,2024-08-14 13:25:35,2024-09-04 19:55:30
952,30,1,Kidd0 Sat 12pm,Saturday,12:00:00,13:00:00,2024-08-14 13:31:20,2024-09-20 17:16:55
958,29,1,[x] Kiddo Sat 1-2pm,Saturday,13:00:00,14:00:00,2024-08-16 13:36:16,2024-08-16 21:29:51
959,21,2,Kids Sat 1.30-2.30pm,Saturday,13:30:00,14:30:00,2024-08-16 20:24:10,2024-08-17 12:11:47
962,21,2,Kids Sat 1.30-2.30pm,Saturday,13:30:00,14:30:00,2024-08-17 12:13:14,2024-08-24 11:43:10
963,27,1,[X] saturday 4-5pm,Saturday,16:00:00,17:00:00,2024-08-18 20:55:14,2024-10-10 14:54:20
971,25,2,Kids Sun 4pm - 5pm,Sunday,16:00:00,17:00:00,2024-08-30 14:28:22,2024-09-12 10:05:45
975,30,1,Kids Friday  2pm,Friday,14:00:00,15:00:00,2024-09-03 11:34:30,2024-09-04 19:54:12
985,28,1,Kiddo Sat 1:00-2:00pm,Saturday,13:00:00,14:00:00,2024-09-08 18:50:46,2024-09-08 19:09:49
987,31,1,Kiddo1-TUES (545-645pm),Tuesday,17:45:00,18:45:00,2024-09-10 09:26:46,2024-09-30 21:27:47
988,31,2,Kids1- Sat (4-5pm),Saturday,16:00:00,17:00:00,2024-09-10 09:27:58,2024-09-10 16:24:52
989,31,1,Kiddo1-SAT (3-4pm),Saturday,15:00:00,16:00:00,2024-09-10 16:24:38,2024-10-01 15:08:19
990,31,1,Kiddo1- SAT (5-6pm),Saturday,17:00:00,18:00:00,2024-09-10 16:26:20,2024-10-01 15:08:21
991,31,1,Kiddo1-SUN (1-2pm),Sunday,13:00:00,14:00:00,2024-09-10 16:29:37,2024-10-01 15:08:23
993,31,2,Kids1- SAT (5-6pm),Saturday,17:00:00,18:00:00,2024-09-10 16:43:01,2024-09-30 22:41:27
1003,30,2,Kid Sun 9am,Sunday,09:00:00,10:00:00,2024-09-27 17:41:08,2024-10-08 09:41:36
1006,31,1,Kiddo1-TUES (545-645pm),Tuesday,17:45:00,18:45:00,2024-09-30 17:13:00,2024-10-01 15:08:26
