"id","enrolment_id","description","start_date","created_at","updated_at","branch_id"
"161","118","Extend","2021-01-07","2021-01-21 08:06:37","2021-01-21 15:03:44","8"
"183","119","Extend","2021-01-07","2021-01-21 15:04:14","2021-01-21 15:04:57","8"
"242","235","Extend","2020-08-29","2021-01-23 14:56:55","2021-01-23 14:58:28","2"
"260","251","Extend","2020-11-14","2021-01-27 07:32:43","2021-01-27 07:33:22","8"
"262","252","Extend","2021-01-06","2021-01-27 07:40:26","2021-01-27 07:41:18","8"
"267","254","Extend","2020-07-24","2021-01-27 07:58:59","2021-01-27 08:00:18","8"
"268","254","Extend","2020-10-16","2021-01-27 08:00:34","2021-01-27 11:44:08","8"
"270","255","Extend","2020-09-18","2021-01-27 08:14:06","2021-01-27 08:14:48","8"
"271","255","Extend","2020-12-11","2021-01-27 08:14:56","2021-01-27 11:45:20","8"
"286","254","Extend","2021-01-08","2021-01-27 13:21:47","2021-01-27 13:22:23","8"
"313","294","Extend","2021-01-09","2021-01-30 15:27:02","2021-01-30 15:27:31","8"
"498","477","Extend","2020-07-25","2021-02-03 06:54:47","2021-03-31 05:25:54","5"
"661","635","Extend","2020-08-22","2021-03-06 04:57:49","2021-03-06 04:58:18","6"
"674","645","Extend","2020-09-08","2021-03-18 08:27:12","2021-03-18 08:27:26","4"
"727","696","Extend","2020-02-06","2021-03-25 16:06:16","2021-03-25 16:07:20","5"
"728","696","Extend","2020-08-27","2021-03-25 16:08:16","2021-03-26 15:53:32","5"
"756","722","Extend","2020-08-20","2021-03-26 17:02:57","2021-03-26 17:03:10","5"
"786","751","Extend","2021-03-30","2021-03-27 14:01:51","2021-03-27 14:02:34","7"
"793","757","Extend","2021-01-09","2021-03-27 15:21:12","2021-03-27 15:21:40","6"
"803","763","Extend","2020-09-05","2021-03-29 03:28:13","2021-03-29 03:28:40","3"
"804","141","Extend","2020-10-02","2021-03-29 03:34:35","2021-03-29 03:35:18","3"
"832","789","Extend","2020-07-31","2021-03-29 08:33:34","2021-03-29 08:34:00","3"
"888","477","Extend","2021-04-10","2021-03-31 05:35:12","2021-04-03 01:56:30","5"
"893","416","Extend","2021-04-01","2021-03-31 05:44:35","2021-03-31 05:45:22","5"
"896","849","Extend","2021-04-06","2021-03-31 06:51:30","2021-05-25 03:39:41","2"
"899","851","Extend","2020-09-10","2021-03-31 07:23:33","2021-03-31 07:23:52","5"
"903","64","Extend","2021-04-10","2021-03-31 08:35:33","2021-04-24 03:47:27","5"
"911","861","Extend","2021-03-16","2021-03-31 12:45:39","2021-03-31 12:46:01","7"
"1102","381","Extend","2021-05-15","2021-05-02 02:46:32","2021-05-02 02:46:55","3"
"1105","1051","Extend","2021-05-01","2021-05-02 06:40:30","2021-05-02 06:40:52","3"
"1119","292","Extend","2021-04-16","2021-05-03 05:54:58","2021-05-03 05:55:16","8"
"1125","1070","Extend","2020-09-16","2021-05-08 03:32:25","2021-05-08 03:33:26","6"
"1321","64","Extend","2022-01-15","2022-02-08 10:13:15","2022-02-08 10:13:30","5"
"1338","686","Extend","2022-03-08","2022-02-23 15:30:10","2022-02-23 15:30:34","6"
"1339","36","Extend","2022-02-12","2022-02-24 01:28:40","2022-02-24 01:31:28","11"
"1373","283","Extend","2022-01-08","2022-03-01 06:06:36","2022-03-01 06:06:57","8"
"1376","118","Extend","2022-01-13","2022-03-01 07:16:22","2022-03-01 07:27:05","8"
"1377","119","Extend","2022-01-07","2022-03-01 07:28:26","2022-03-01 07:28:53","8"
"1378","285","Extend","2022-01-08","2022-03-01 07:29:37","2022-03-01 07:30:04","8"
"1379","255","Extend","2022-01-15","2022-03-01 07:30:46","2022-03-01 07:30:57","8"
"1382","259","Extend","2022-01-29","2022-03-01 07:35:26","2022-03-01 07:36:03","8"
"1383","295","Extend","2022-02-12","2022-03-01 07:53:53","2022-03-01 07:55:48","8"
"1385","267","Extend","2022-03-05","2022-03-01 08:09:54","2022-03-01 08:10:11","8"
"1407","468","Extend","2022-03-10","2022-03-11 03:14:35","2022-03-11 03:14:46","5"
"1467","1398","Extend","2021-12-08","2022-03-30 08:52:40","2022-03-30 08:52:57","5"
"1470","331","Extend","2022-04-05","2022-03-30 11:33:09","2022-03-30 11:34:06","6"
"1491","775","Extend","2022-03-30","2022-04-02 01:49:02","2022-04-02 01:49:13","3"
"1514","677","Extend","2022-04-13","2022-04-04 04:46:49","2022-04-04 04:46:58","6"
"1516","1027","Extend","2022-04-09","2022-04-04 16:24:35","2022-04-04 16:25:34","7"
"1535","897","Extend","2022-04-09","2022-04-13 07:14:36","2022-04-13 07:14:46","5"
"1556","909","Extend","2022-04-15","2022-04-16 14:19:00","2022-04-16 14:19:13","4"
"1560","980","Extend","2022-04-23","2022-04-16 14:25:02","2022-04-16 14:25:08","4"
"1570","879","Extend","2022-04-23","2022-04-23 03:24:11","2022-04-23 03:24:17","5"
"1588","472","Extend","2022-04-27","2022-04-27 11:27:01","2022-04-27 11:27:07","5"
"1602","130","Extend","2022-04-27","2022-04-28 10:42:38","2022-04-28 11:09:13","3"
"1603","778","Extend","2022-05-07","2022-04-28 11:05:22","2022-04-28 11:05:47","3"
"1604","776","Extend","2022-05-07","2022-04-28 11:06:11","2022-04-28 11:06:22","3"
"1670","893","Extend","2022-05-14","2022-05-13 07:13:40","2022-05-13 07:13:49","2"
"1682","1116","Extend","2022-06-04","2022-05-21 01:33:59","2022-05-21 01:34:42","11"
"1696","64","Extend","2022-05-14","2022-05-25 10:07:58","2022-05-25 10:08:07","5"
"1738","1097","Extend","2022-05-28","2022-05-31 08:08:54","2022-05-31 08:09:05","3"
"1745","676","Extend","2022-06-21","2022-05-31 13:17:51","2022-05-31 13:17:57","6"
"1764","1151","Extend","2022-06-23","2022-06-02 12:59:40","2022-06-02 13:00:12","5"
"1775","1077","Extend","2022-06-16","2022-06-04 03:50:21","2022-06-04 03:50:58","2"
"1784","1003","Extend","2022-06-04","2022-06-18 07:38:40","2022-06-18 07:38:47","5"
"1785","985","Extend","2022-06-03","2022-06-19 04:15:27","2022-06-19 04:16:26","3"
"1848","1147","Extend","2022-07-02","2022-07-05 02:04:12","2022-07-05 02:04:20","5"
"1868","1152","Extend","2022-07-16","2022-07-09 02:39:46","2022-08-04 14:00:27","5"
"1885","998","Extend","2022-06-01","2022-07-13 14:12:12","2022-07-13 14:12:32","3"
"1889","679","Extend","2022-09-03","2022-07-13 15:50:19","2022-07-13 15:50:28","6"
"1923","1175","Extend","2022-07-07","2022-07-28 11:49:16","2022-07-28 11:49:31","5"
"1941","1237","Extend","2022-08-13","2022-07-28 17:02:44","2022-07-28 17:02:54","7"
"1943","1146","Extend","2022-08-06","2022-07-29 06:46:39","2022-07-29 06:46:50","11"
"1948","1173","Extend","2022-07-16","2022-07-30 17:47:37","2022-07-30 17:47:53","4"
"1955","1187","Extend","2022-07-23","2022-07-31 10:25:13","2022-07-31 10:25:41","8"
"1970","881","Extend","2022-08-06","2022-08-01 05:37:23","2022-08-01 05:37:40","2"
"1988","1156","Extend","2022-07-09","2022-08-04 14:23:26","2022-08-04 14:23:48","7"
"1989","1238","Extend","2022-08-13","2022-08-04 14:24:35","2022-08-04 14:30:50","7"
"2034","1316","Extend","2022-08-13","2022-08-25 09:47:32","2022-08-25 11:14:33","8"
"2039","1188","Extend","2022-08-20","2022-08-25 11:07:01","2022-08-25 11:07:18","3"
"2042","1340","Extend","2022-09-09","2022-08-26 10:30:57","2022-08-26 10:31:13","11"
"2089","1339","Extend","2022-09-07","2022-08-31 17:07:25","2022-09-01 01:29:52","6"
"2092","1454","Extend","2022-09-27","2022-09-01 01:33:58","2022-09-01 01:34:15","6"
"2123","1440","Extend","2022-10-01","2022-09-12 09:59:37","2022-09-12 09:59:57","5"
"2170","1369","Extend","2022-10-01","2022-09-27 06:12:53","2022-09-27 06:13:38","11"
"2176","1459","Extend","2022-10-01","2022-09-28 08:53:16","2022-09-28 08:53:24","6"
"2180","1203","Extend","2022-10-01","2022-09-29 04:07:20","2022-10-04 07:56:30","6"
"2184","1334","Extend","2022-09-24","2022-09-29 11:59:07","2022-09-29 11:59:34","5"
"2206","1418","Extend","2022-09-30","2022-09-29 18:39:38","2022-09-29 18:39:50","3"
"2243","1317","Extend","2022-10-07","2022-10-01 04:50:28","2022-10-01 04:51:38","8"
"2250","1529","Extend","2022-10-01","2022-10-01 15:08:28","2022-10-01 15:09:17","8"
"2256","1465","Extend","2022-10-01","2022-10-03 00:49:25","2022-10-03 00:49:59","11"
"2257","1448","Extend","2022-10-15","2022-10-03 00:51:58","2022-10-03 00:52:27","11"
"2264","1489","Extend","2022-10-18","2022-10-04 15:57:03","2022-10-04 16:03:46","6"
"2268","1403","Extend","2022-09-30","2022-10-07 14:20:25","2022-10-07 14:22:14","4"
"2270","1219","Extend","2022-10-01","2022-10-08 00:50:46","2022-10-08 00:50:59","11"
"2277","1512","Extend","2022-10-15","2022-10-11 07:28:36","2022-10-11 07:29:06","3"
"2292","1493","Extend","2022-10-08","2022-10-11 14:57:57","2022-10-11 14:59:45","13"
"2293","1506","Extend","2022-10-22","2022-10-12 08:23:40","2022-10-12 08:24:26","5"
"2295","1491","Extend","2022-10-22","2022-10-15 10:09:40","2022-10-15 10:11:21","3"
"2297","1514","Extend","2022-10-26","2022-10-17 05:45:16","2022-10-17 05:45:59","6"
"2313","1593","Extend","2022-10-29","2022-10-21 08:19:44","2022-10-21 08:20:33","11"
"2316","1433","Extend","2022-10-15","2022-10-21 11:42:30","2022-10-21 11:43:01","13"
"2323","1590","Extend","2022-10-22","2022-10-22 07:08:50","2022-10-22 07:09:19","2"
"2327","1576","Extend","2022-10-29","2022-10-22 11:41:04","2022-10-22 11:41:15","3"
"2331","1573","Extend","2022-10-29","2022-10-26 15:11:31","2022-10-26 15:11:58","3"
"2347","2217","Extend","2022-10-08","2022-11-01 05:00:18","2022-11-01 05:00:37","6"
"2348","1497","Extend","2022-10-29","2022-11-01 07:02:27","2022-11-01 07:02:38","2"
"2352","1518","Extend","2022-10-08","2022-11-01 13:18:04","2022-11-01 13:18:46","8"
"2365","1406","Extend","2022-09-23","2022-11-01 18:12:51","2022-11-01 18:13:27","4"
"2370","1482","Extend","2022-11-01","2022-11-01 18:24:03","2022-11-01 18:24:16","4"
"2376","1507","Extend","2022-10-25","2022-11-01 18:31:16","2022-11-01 18:31:32","4"
"2377","1532","Extend","2022-10-25","2022-11-01 18:32:19","2022-11-01 18:32:32","4"
"2378","1479","Extend","2022-11-04","2022-11-01 18:34:50","2022-11-01 18:35:12","4"
"2385","1509","Extend","2022-11-08","2022-11-01 18:41:03","2022-11-01 18:41:10","4"
"2390","1258","Extend","2022-08-12","2022-11-02 08:43:23","2022-11-02 08:43:52","4"
"2397","1544","Extend","2022-11-05","2022-11-02 09:02:37","2022-11-02 09:02:49","7"
"2424","1499","Extend","2022-11-05","2022-11-08 02:31:44","2022-11-08 02:32:52","9"
"2433","1498","Extend","2022-10-15","2022-11-12 02:15:32","2022-11-12 02:16:44","13"
"2437","1651","Extend","2022-11-22","2022-11-16 13:58:57","2022-11-16 13:59:25","4"
"2441","1562","Extend","2022-11-19","2022-11-17 04:43:31","2022-11-17 04:43:46","5"
"2442","1595","Extend","2022-11-23","2022-11-17 05:28:42","2022-11-17 05:29:22","6"
"2443","1632","Extend","2022-12-03","2022-11-17 07:12:15","2022-11-17 07:13:01","6"
"2448","1634","Extend","2022-11-26","2022-11-21 11:07:09","2022-11-21 11:08:11","6"
"2457","2308","Extend","2022-10-04","2022-11-29 14:17:28","2022-11-29 14:19:41","4"
"2473","1318","Extend","2022-11-10","2022-12-01 10:06:53","2022-12-01 10:12:32","8"
"2474","1516","Extend","2022-11-10","2022-12-01 10:09:52","2022-12-01 10:10:14","8"
"2475","1187","Extend","2022-12-09","2022-12-01 10:10:52","2022-12-01 10:11:20","8"
"2477","1744","Extend","2022-12-15","2022-12-01 10:44:41","2022-12-01 10:44:58","5"
"2479","1678","Extend","2022-12-01","2022-12-01 11:27:37","2022-12-06 13:26:46","5"
"2502","1656","Extend","2022-12-03","2022-12-02 03:58:58","2022-12-02 10:22:50","3"
"2518","1572","Extend","2022-11-12","2022-12-03 02:27:55","2022-12-03 02:28:32","13"
"2526","555","Extend","2022-11-05","2022-12-04 09:18:01","2023-01-03 07:57:31","2"
"2541","1630","Extend","2022-12-03","2022-12-12 05:46:50","2022-12-12 05:47:11","6"
"2545","1510","Extend","2022-12-10","2022-12-15 16:06:29","2022-12-15 16:06:44","4"
"2590","1747","Extend","2022-12-10","2022-12-30 14:27:18","2022-12-30 14:28:03","8"
"2603","1807","Extend","2023-01-18","2023-01-10 12:27:28","2023-01-10 12:27:49","5"
"2604","1806","Extend","2023-01-18","2023-01-10 12:28:12","2023-02-03 05:13:16","5"
"2616","1839","Extend","2023-01-12","2023-01-12 09:53:50","2023-01-12 09:54:38","7"
"2630","1699","Extend","2023-01-28","2023-01-18 00:14:54","2023-01-18 00:15:19","5"
"2648","1529","Extend","2023-01-14","2023-02-01 10:27:37","2023-02-01 10:28:15","8"
"2651","1856","Extend","2023-01-14","2023-02-01 10:35:07","2023-02-01 10:35:39","8"
"2657","1877","Extend","2023-01-14","2023-02-02 02:08:27","2023-02-07 04:33:51","3"
"2674","1892","Extend","2023-02-16","2023-02-02 15:15:23","2023-02-02 15:15:35","5"
"2681","1773","Extend","2023-02-04","2023-02-04 02:10:55","2023-02-04 05:07:31","13"
"2683","1769","Extend","2023-02-03","2023-02-04 05:08:34","2023-02-04 05:09:26","13"
"2754","1870","Extend","2023-02-04","2023-02-25 01:51:40","2023-02-25 01:52:40","7"
"2755","1843","Extend","2023-02-04","2023-02-25 01:54:19","2023-02-25 01:54:29","7"
"2775","1844","Extend","2023-02-14","2023-02-27 23:52:47","2023-02-27 23:53:11","7"
"2776","1837","Extend","2023-01-10","2023-02-27 23:56:17","2023-02-27 23:56:38","7"
"2777","1938","Extend","2023-02-21","2023-02-28 00:02:28","2023-02-28 00:02:37","7"
"2779","1835","Extend","2023-01-14","2023-02-28 00:14:24","2023-02-28 00:14:48","7"
"2781","1838","Extend","2023-01-28","2023-02-28 00:16:10","2023-02-28 00:16:27","7"
"2794","1910","Extend","2023-03-07","2023-03-01 06:32:37","2023-03-01 06:32:44","7"
"2803","1933","Extend","2023-03-03","2023-03-01 15:29:22","2023-03-01 15:29:48","8"
"2817","1848","Extend","2023-02-14","2023-03-02 09:43:02","2023-03-02 09:43:35","4"
"2820","1882","Extend","2023-02-17","2023-03-02 09:45:41","2023-03-02 09:45:51","4"
"2824","1971","Extend","2023-02-24","2023-03-02 09:48:27","2023-03-02 09:48:58","4"
"2846","1814","Extend","2023-01-18","2023-03-02 12:16:27","2023-03-02 12:16:57","6"
"2867","1906","Extend","2023-03-17","2023-03-06 02:38:24","2023-03-06 03:56:42","11"
"2875","1915","Extend","2023-03-10","2023-03-10 08:32:19","2023-03-10 08:32:37","11"
"2887","1996","Extend","2023-03-11","2023-03-11 06:39:31","2023-03-11 06:40:12","11"
"2898","1929","Extend","2023-03-10","2023-03-15 09:13:06","2023-03-15 09:13:20","3"
"2905","2074","Extend","2023-03-16","2023-03-17 03:24:37","2023-03-17 03:24:53","5"
"2906","2023","Extend","2023-03-25","2023-03-18 05:07:14","2023-03-18 05:08:39","13"
"2930","2103","Extend","2023-03-31","2023-03-28 11:58:50","2023-03-28 12:00:31","4"
"2939","1318","Extend","2023-03-16","2023-04-01 01:29:58","2023-04-01 01:30:23","8"
"2942","1516","Extend","2023-03-16","2023-04-01 01:36:59","2023-04-01 01:37:38","8"
"2943","1637","Extend","2023-03-10","2023-04-01 01:45:39","2023-04-01 01:45:56","8"
"2953","1965","Extend","2023-03-18","2023-04-02 08:42:37","2023-04-02 08:42:49","4"
"2960","2105","Extend","2023-03-31","2023-04-02 09:05:51","2023-04-02 09:06:07","4"
"2985","2033","Extend","2023-03-28","2023-04-02 10:25:03","2023-04-02 10:25:36","6"
"2995","1955","Extend","2023-03-14","2023-04-03 02:10:54","2023-04-03 02:11:06","4"
"3018","2121","Extend","2023-04-07","2023-04-07 12:18:01","2023-04-07 12:18:31","13"
"3040","2014","Extend","2023-04-01","2023-04-11 10:14:33","2023-04-11 10:15:56","2"
"3054","2146","Extend","2023-04-20","2023-04-14 11:35:30","2023-04-14 11:36:13","5"
"3087","2096","Extend","2023-04-05","2023-04-20 06:01:17","2023-04-20 06:01:51","3"
"3094","2144","Extend","2023-04-14","2023-04-25 10:02:52","2023-04-25 10:03:08","4"
"3109","2160","Extend","2023-05-06","2023-04-28 05:57:36","2023-04-28 05:58:23","11"
"3124","2270","Extend","2023-05-11","2023-05-01 15:05:26","2023-05-01 15:05:49","7"
"3139","2130","Extend","2023-04-15","2023-05-02 07:08:28","2023-05-02 07:08:48","8"
"3143","2171","Extend","2023-05-05","2023-05-04 14:21:51","2023-05-04 14:22:19","13"
"3147","2189","Extend","2023-05-06","2023-05-05 03:32:17","2023-05-10 05:28:32","5"
"3149","2142","Extend","2023-05-06","2023-05-05 06:02:04","2023-05-05 06:02:38","5"
"3173","2164","Extend","2023-05-13","2023-05-06 15:50:53","2023-05-06 15:51:07","2"
"3197","2206","Extend","2023-05-24","2023-05-17 11:58:21","2023-05-17 11:58:36","5"
"3198","2266","Extend","2023-06-07","2023-05-18 06:35:08","2023-05-18 06:35:40","5"
"3212","2327","Extend","2023-06-07","2023-05-24 09:24:22","2023-05-24 09:24:40","3"
"3219","2240","Extend","2023-05-12","2023-05-26 08:38:59","2023-05-26 08:39:20","4"
"3222","2245","Extend","2023-05-20","2023-05-26 08:53:13","2023-05-26 08:53:39","4"
"3224","1882","Extend","2023-05-19","2023-05-26 08:59:39","2023-05-26 09:00:07","4"
"3253","2272","Extend","2023-05-13","2023-05-30 00:49:06","2023-05-30 00:49:30","5"
"3254","2139","Extend","2023-05-06","2023-05-30 01:58:22","2023-06-02 23:59:32","5"
"3255","2296","Extend","2023-06-10","2023-05-30 02:44:40","2023-06-10 05:00:49","5"
"3263","2221","Extend","2023-05-19","2023-05-31 15:38:50","2023-05-31 15:39:10","8"
"3273","2108","Extend","2023-04-25","2023-06-05 07:20:21","2023-06-05 07:21:08","4"
"3310","2367","Extend","2023-06-16","2023-06-15 07:18:45","2023-06-15 07:19:05","11"
"3312","2339","Extend","2023-06-13","2023-06-15 11:59:23","2023-06-15 12:00:02","4"
"3313","2338","Extend","2023-06-23","2023-06-15 12:01:20","2023-06-15 12:01:35","4"
"3323","2186","Extend","2023-06-17","2023-06-17 06:25:20","2023-06-17 06:25:37","11"
"3328","2343","Extend","2023-06-23","2023-06-20 10:21:21","2023-06-20 10:22:25","4"
"3329","2255","Extend","2023-06-27","2023-06-20 10:24:00","2023-06-20 10:25:19","4"
"3353","2731","Extend","2023-07-18","2023-06-26 15:30:49","2023-06-26 15:31:09","7"
"3357","2446","Extend","2023-07-12","2023-06-28 09:37:49","2023-06-28 09:38:02","3"
"3363","2372","Extend","2023-06-24","2023-06-29 14:23:32","2023-06-29 14:24:13","6"
"3381","2340","Extend","2023-07-08","2023-07-02 08:09:33","2023-07-02 08:10:00","4"
"3396","2402","Extend","2023-07-08","2023-07-06 04:19:15","2023-07-06 04:19:25","5"
"3421","2369","Extend","2023-07-15","2023-07-12 04:07:46","2023-07-12 04:08:10","2"
"3443","2331","Extend","2023-07-15","2023-07-18 13:03:54","2023-07-18 13:04:12","4"
"3444","2396","Extend","2023-07-21","2023-07-18 13:05:32","2023-07-18 13:05:59","4"
"3446","2411","Extend","2023-07-08","2023-07-18 13:23:35","2023-07-18 13:23:58","7"
"3452","2493","Extend","2023-07-26","2023-07-21 07:46:42","2023-07-21 07:47:00","3"
"3456","2406","Extend","2023-07-22","2023-07-22 16:02:21","2023-07-29 08:45:07","5"
"3467","2457","Extend","2023-07-22","2023-07-24 17:30:32","2023-08-03 08:34:48","7"
"3489","2505","Extend","2023-08-03","2023-07-28 08:17:51","2023-07-28 08:18:05","5"
"3495","2469","Extend","2023-07-29","2023-07-29 08:43:02","2023-07-29 08:43:16","5"
"3497","2490","Extend","2023-07-12","2023-07-30 15:18:26","2023-07-30 15:18:50","3"
"3499","2529","Extend","2023-08-04","2023-07-30 15:22:06","2023-07-30 15:29:43","3"
"3500","2520","Extend","2023-08-05","2023-07-30 15:23:26","2023-07-30 15:23:45","3"
"3518","2475","Extend","2023-08-05","2023-08-01 12:33:40","2023-08-01 12:34:01","4"
"3528","2384","Extend","2023-07-08","2023-08-01 16:46:40","2023-08-01 16:47:41","6"
"3536","2519","Extend","2023-08-03","2023-08-02 03:45:27","2023-08-02 03:45:41","2"
"3538","2470","Extend","2023-08-05","2023-08-02 03:46:18","2023-08-02 03:46:36","2"
"3540","1825","Extend","2023-07-21","2023-08-02 05:35:13","2023-08-02 05:37:46","8"
"3547","2444","Extend","2023-07-22","2023-08-03 00:40:56","2023-08-03 00:41:46","5"
"3575","2467","Extend","2023-07-15","2023-08-11 07:50:59","2023-08-11 07:51:22","11"
"3584","2516","Extend","2023-08-12","2023-08-12 04:45:02","2023-08-12 04:45:35","13"
"3595","2164","Extend","2023-08-12","2023-08-12 06:38:31","2023-08-12 06:38:45","2"
"3597","2586","Extend","2023-08-17","2023-08-12 06:56:28","2023-08-12 06:57:28","2"
"3602","2638","Extend","2023-08-17","2023-08-15 13:40:06","2023-08-15 13:40:23","4"
"3605","2576","Extend","2023-08-19","2023-08-16 08:44:24","2023-08-16 08:45:19","3"
"3609","2593","Extend","2023-08-12","2023-08-16 09:46:07","2023-08-16 09:46:30","3"
"3615","2550","Extend","2023-08-23","2023-08-17 10:03:42","2023-08-17 10:04:24","5"
"3626","2678","Extend","2023-08-17","2023-08-22 09:28:25","2023-08-22 09:28:42","5"
"3628","2679","Extend","2023-08-19","2023-08-22 16:14:51","2023-08-22 16:15:26","5"
"3655","2613","Extend","2023-08-17","2023-08-30 04:38:53","2023-09-01 02:26:31","5"
"3656","2612","Extend","2023-08-17","2023-08-30 04:44:31","2023-09-05 06:33:38","5"
"3658","2622","Extend","2023-08-26","2023-08-30 04:49:58","2023-09-30 06:36:26","5"
"3659","2714","Extend","2023-09-20","2023-09-01 04:57:50","2023-09-01 04:57:50","5"
"3660","2485","Extend","2023-08-19","2023-09-01 08:17:57","2023-09-01 08:19:28","8"
"3672","2478","Extend","2023-08-25","2023-09-02 04:10:21","2023-09-02 04:10:43","4"
"3683","2641","Extend","2023-08-26","2023-09-02 05:23:14","2023-09-02 05:27:57","4"
"3690","2431","Extend","2023-07-28","2023-09-02 06:21:16","2023-09-02 06:22:49","3"
"3694","2579","Extend","2023-08-30","2023-09-02 07:09:51","2023-09-02 07:10:21","3"
"3716","2721","Extend","2023-09-19","2023-09-03 14:30:12","2023-09-03 14:30:38","7"
"3717","2572","Extend","2023-09-07","2023-09-04 01:55:12","2023-09-04 01:56:01","9"
"3731","2705","Extend","2023-09-15","2023-09-11 13:30:50","2023-09-11 13:32:21","16"
"3735","2701","Extend","2023-09-07","2023-09-14 02:38:20","2023-09-14 02:38:52","5"
"3739","2799","Extend","2023-09-30","2023-09-19 09:48:33","2023-09-19 09:48:55","5"
"3740","2633","Extend","2023-09-23","2023-09-19 13:37:08","2023-10-06 08:49:22","7"
"3741","2615","Extend","2023-09-09","2023-09-19 14:00:33","2023-09-19 14:01:32","7"
"3745","2744","Extend","2023-09-12","2023-09-21 09:05:07","2023-09-21 09:05:39","7"
"3747","2647","Extend","2023-09-15","2023-09-21 09:59:44","2023-09-21 10:00:09","4"
"3748","2343","Extend","2023-09-15","2023-09-21 10:02:03","2023-09-21 10:02:19","4"
"3752","2716","Extend","2023-09-23","2023-09-23 04:26:19","2023-09-23 04:27:36","5"
"3788","2836","Extend","2023-09-26","2023-09-28 15:02:37","2023-09-28 15:03:01","7"
"3793","2677","Extend","2023-09-09","2023-09-29 04:29:04","2023-09-29 04:29:55","5"
"3795","2687","Extend","2023-09-15","2023-09-29 09:12:52","2023-09-29 09:14:01","3"
"3809","2609","Extend","2023-09-15","2023-09-30 08:01:59","2023-09-30 08:03:31","8"
"3815","2758","Extend","2023-10-03","2023-09-30 09:40:16","2023-09-30 09:40:34","4"
"3836","2773","Extend","2023-10-06","2023-10-01 23:20:41","2023-10-01 23:21:05","4"
"3838","2764","Extend","2023-09-30","2023-10-01 23:52:50","2023-10-01 23:53:10","4"
"3855","2724","Extend","2023-10-24","2023-10-03 14:30:44","2023-10-03 14:32:03","5"
"3857","2875","Extend","2023-10-11","2023-10-03 14:48:40","2023-10-03 14:49:05","5"
"3859","2876","Extend","2023-10-04","2023-10-03 15:22:59","2023-10-13 05:32:33","5"
"3860","2742","Extend","2023-09-26","2023-10-03 15:36:35","2023-10-07 03:30:50","5"
"3874","2685","Extend","2023-09-16","2023-10-06 08:17:31","2023-10-06 08:18:12","11"
"3875","2672","Extend","2023-09-23","2023-10-06 08:19:57","2023-10-06 08:20:50","11"
"3901","2838","Extend","2023-10-28","2023-10-14 04:50:15","2023-10-14 04:50:27","2"
"3912","2930","Extend","2023-10-13","2023-10-14 09:12:06","2023-10-14 09:12:16","3"
"3917","2717","Extend","2023-09-30","2023-10-17 02:56:53","2023-10-17 02:57:08","3"
"3928","2914","Extend","2023-10-19","2023-10-20 14:06:57","2023-10-20 14:07:07","2"
"3947","2863","Extend","2023-10-14","2023-10-24 15:46:03","2023-10-24 15:46:40","7"
"3953","2936","Extend","2023-11-01","2023-10-26 03:35:30","2023-11-03 06:44:05","5"
"3954","2809","Extend","2023-10-28","2023-10-26 08:22:08","2023-10-26 08:22:26","11"
"3965","2774","Extend","2023-10-21","2023-10-30 18:46:38","2023-10-30 18:46:53","4"
"3973","2484","Extend","2023-10-21","2023-11-01 06:58:25","2023-11-01 06:58:46","8"
"3974","2934","Extend","2023-10-20","2023-11-01 06:59:27","2023-11-01 06:59:44","8"
"3978","2906","Extend","2023-10-25","2023-11-01 07:06:46","2023-11-01 07:07:57","3"
"3979","2908","Extend","2023-11-04","2023-11-01 07:18:33","2023-11-01 07:18:42","3"
"3983","2969","Extend","2023-11-04","2023-11-01 08:04:24","2023-11-01 08:05:00","7"
"4009","2987","Extend","2023-11-04","2023-11-02 08:47:10","2023-11-02 08:47:28","4"
"4022","2870","Extend","2023-10-07","2023-11-03 06:32:46","2023-11-03 06:33:31","5"
"4028","2834","Extend","2023-11-03","2023-11-03 12:21:52","2023-11-03 12:22:38","2"
"4057","2879","Extend","2023-10-27","2023-11-07 13:37:03","2023-11-07 13:37:28","4"
"4062","2937","Extend","2023-11-10","2023-11-10 11:43:50","2023-11-10 11:44:36","13"
"4066","2853","Extend","2023-10-28","2023-11-14 03:55:41","2023-11-14 03:55:58","5"
"4072","3100","Extend","2023-11-15","2023-11-15 13:46:03","2023-11-15 13:48:13","3"
"4075","3053","Extend","2023-11-21","2023-11-16 09:56:43","2023-11-16 09:58:15","7"
"4085","2962","Extend","2023-11-18","2023-11-20 02:08:45","2023-11-20 02:09:03","9"
"4090","3035","Extend","2023-11-07","2023-11-23 15:32:55","2023-11-23 15:33:24","7"
"4093","3060","Extend","2023-12-01","2023-11-24 07:02:17","2023-11-24 07:02:29","11"
"4095","3066","Extend","2023-11-24","2023-11-24 07:06:37","2023-11-24 07:07:18","11"
"4097","2910","Extend","2023-11-25","2023-11-24 07:08:42","2023-11-24 07:08:57","11"
"4130","2980","Extend","2023-11-25","2023-11-30 17:34:02","2023-11-30 17:34:59","6"
"4132","2478","Extend","2023-11-17","2023-12-01 07:45:56","2023-12-01 07:46:13","4"
"4134","3013","Extend","2023-11-11","2023-12-01 07:48:14","2023-12-01 07:48:27","4"
"4137","3071","Extend","2023-12-01","2023-12-01 11:58:04","2023-12-01 11:58:37","13"
"4148","3009","Extend","2023-11-18","2023-12-02 06:31:36","2023-12-02 06:32:27","4"
"4149","3010","Extend","2023-11-18","2023-12-02 06:32:48","2023-12-02 06:33:03","4"
"4150","2828","Extend","2023-10-28","2023-12-02 08:21:16","2023-12-02 08:21:30","4"
"4151","2827","Extend","2023-10-28","2023-12-02 08:21:49","2023-12-02 08:21:57","4"
"4152","2883","Extend","2023-11-10","2023-12-02 08:22:44","2023-12-02 08:23:05","4"
"4153","2641","Extend","2023-11-25","2023-12-02 08:24:44","2023-12-02 08:25:00","4"
"4155","3092","Extend","2023-12-09","2023-12-02 08:28:47","2023-12-02 08:28:59","4"
"4157","3045","Extend","2023-12-02","2023-12-02 08:30:37","2023-12-02 08:30:56","2"
"4160","3050","Extend","2023-11-25","2023-12-02 09:18:33","2023-12-02 09:18:44","4"
"4168","2935","Extend","2023-11-09","2023-12-05 08:44:14","2024-01-05 00:00:28","5"
"4169","3108","Extend","2023-12-14","2023-12-05 08:45:55","2024-01-03 03:23:35","5"
"4170","3047","Extend","2023-12-09","2023-12-06 04:01:41","2023-12-09 05:40:27","5"
"4171","2612","Extend","2023-11-16","2023-12-06 04:11:29","2024-01-04 06:00:04","5"
"4186","2716","Extend","2023-12-16","2023-12-09 05:38:31","2023-12-09 05:38:55","5"
"4188","3014","Extend","2023-12-16","2023-12-09 08:18:57","2023-12-09 08:19:09","4"
"4189","2812","Extend","2023-12-02","2023-12-11 07:00:09","2023-12-11 07:00:21","9"
"4220","2748","Extend","2023-12-14","2023-12-16 07:32:15","2023-12-16 07:33:19","8"
"4221","3144","Extend","2023-12-09","2023-12-16 07:34:08","2023-12-16 07:34:25","8"
"4227","3090","Extend","2023-12-01","2023-12-19 20:22:21","2023-12-19 20:22:36","4"
"4229","3101","Extend","2024-01-05","2023-12-19 20:25:00","2023-12-19 20:26:00","4"
"4279","2613","Extend","2023-12-02","2024-01-04 06:06:01","2024-01-04 06:06:48","5"
"4280","2799","Extend","2024-01-06","2024-01-04 06:11:13","2024-01-05 14:51:35","5"
"4282","3153","Extend","2023-12-09","2024-01-04 06:28:32","2024-02-16 04:21:10","5"
"4289","3098","Extend","2023-12-16","2024-01-05 01:31:32","2024-01-05 01:31:48","9"
"4305","3058","Extend","2024-01-06","2024-01-08 02:21:02","2024-01-22 02:31:24","9"
"4307","2963","Extend","2024-01-06","2024-01-08 02:37:44","2024-01-08 02:38:08","9"
"4317","3132","Extend","2024-01-03","2024-01-08 12:25:05","2024-01-08 12:25:23","6"
"4340","3283","Extend","2024-01-13","2024-01-12 04:58:11","2024-01-12 04:58:37","6"
"4342","3284","Extend","2024-01-16","2024-01-12 05:32:23","2024-01-12 05:32:40","6"
"4345","3155","Extend","2024-01-13","2024-01-13 00:57:33","2024-01-13 00:57:44","9"
"4347","2931","Extend","2023-11-11","2024-01-13 06:51:55","2024-01-13 06:52:06","3"
"4383","3183","Extend","2024-01-20","2024-01-24 10:36:16","2024-01-24 10:36:41","5"
"4390","3176","Extend","2024-01-27","2024-01-26 07:50:31","2024-01-26 07:50:56","11"
"4399","2939","Extend","2024-01-12","2024-01-26 12:41:06","2024-01-26 13:04:07","13"
"4400","3120","Extend","2024-01-20","2024-01-26 12:48:51","2024-01-26 12:49:02","13"
"4404","3216","Extend","2024-01-20","2024-01-27 00:57:02","2024-01-27 00:57:19","8"
"4430","3258","Extend","2024-01-31","2024-01-31 13:56:58","2024-01-31 13:57:07","3"
"4437","3154","Extend","2024-01-27","2024-02-02 09:18:07","2024-02-02 09:18:30","4"
"4439","3285","Extend","2024-01-24","2024-02-02 09:24:30","2024-02-02 09:25:48","6"
"4441","3117","Extend","2024-01-05","2024-02-02 09:26:32","2024-03-04 12:12:52","3"
"4444","3286","Extend","2024-02-06","2024-02-02 09:33:34","2024-02-02 09:33:46","6"
"4449","3289","Extend","2024-02-08","2024-02-02 11:03:41","2024-06-06 13:19:45","2"
"4453","3211","Extend","2024-01-24","2024-02-03 05:52:26","2024-02-03 05:52:42","3"
"4454","3212","Extend","2024-02-07","2024-02-03 05:53:34","2024-02-03 05:53:49","3"
"4461","3332","Extend","2024-02-16","2024-02-03 07:01:46","2024-02-03 07:02:00","13"
"4462","3255","Extend","2024-01-03","2024-02-04 05:06:56","2024-02-04 05:07:15","3"
"4475","3182","Extend","2024-01-27","2024-02-07 09:21:41","2024-04-03 01:48:58","5"
"4476","3214","Extend","2024-01-27","2024-02-07 09:22:28","2024-02-24 03:05:28","5"
"4478","3181","Extend","2024-01-27","2024-02-07 09:31:19","2024-02-16 08:51:14","5"
"4483","3220","Extend","2024-02-08","2024-02-08 02:58:24","2024-02-08 02:58:37","5"
"4488","3290","Extend","2024-02-16","2024-02-08 12:14:42","2024-02-08 12:14:49","4"
"4491","3105","Extend","2024-01-27","2024-02-16 04:31:51","2024-02-16 04:32:10","5"
"4495","3213","Extend","2024-02-10","2024-02-16 08:08:22","2024-02-16 08:08:48","5"
"4496","3333","Extend","2024-02-02","2024-02-16 13:16:33","2024-02-16 13:18:08","13"
"4498","3281","Extend","2024-03-09","2024-02-17 03:53:17","2024-02-17 03:54:28","4"
"4499","3190","Extend","2024-02-17","2024-02-17 04:25:47","2024-02-17 04:26:26","2"
"4506","3277","Extend","2024-03-01","2024-02-24 05:28:36","2024-02-24 05:28:58","4"
"4510","3376","Extend","2024-03-01","2024-02-24 09:14:40","2024-02-24 09:15:03","4"
"4511","3238","Extend","2024-03-02","2024-02-26 03:39:10","2024-02-26 03:39:55","16"
"4520","3013","Extend","2024-02-23","2024-02-27 10:21:46","2024-02-27 10:23:05","4"
"4521","3377","Extend","2024-02-23","2024-02-27 10:24:20","2024-02-27 10:24:33","4"
"4528","3223","Extend","2024-02-24","2024-02-27 13:48:49","2024-02-27 13:49:01","7"
"4537","2478","Extend","2024-03-01","2024-02-29 14:55:20","2024-02-29 14:55:40","4"
"4560","3367","Extend","2024-03-06","2024-03-06 10:47:26","2024-03-06 10:49:42","5"
"4561","3366","Extend","2024-03-06","2024-03-06 10:48:01","2024-03-06 10:48:46","5"
"4569","3566","Extend","2024-03-13","2024-03-07 06:47:44","2024-03-07 06:47:44","5"
"4570","3368","Extend","2024-03-02","2024-03-07 06:53:52","2024-03-07 06:54:14","5"
"4571","3360","Extend","2024-03-02","2024-03-07 07:01:55","2024-03-14 03:18:31","5"
"4608","2935","Extend","2024-03-14","2024-03-14 02:56:47","2024-03-14 02:57:02","5"
"4612","3307","Extend","2024-03-14","2024-03-14 08:52:01","2024-03-14 08:53:06","9"
"4630","3363","Extend","2024-03-09","2024-03-15 04:13:38","2024-03-15 04:14:05","5"
"4641","3356","Extend","2024-02-29","2024-03-18 04:09:32","2024-03-18 04:09:43","9"
"4650","3529","Extend","2024-04-02","2024-03-19 14:53:41","2024-03-19 14:56:27","4"
"4652","3702","Extend","2024-04-16","2024-03-21 06:24:32","2024-03-21 06:24:41","4"
"4699","3495","Extend","2024-03-16","2024-03-30 19:06:14","2024-03-30 19:06:26","6"
"4712","3390","Extend","2024-04-06","2024-04-01 04:45:05","2024-04-01 04:45:35","9"
"4715","3144","Extend","2024-03-23","2024-04-01 13:55:09","2024-04-01 13:55:37","8"
"4717","2933","Extend","2024-03-28","2024-04-01 14:03:10","2024-04-01 14:06:03","8"
"4738","3564","Extend","2024-03-07","2024-04-03 00:59:13","2024-04-03 00:59:36","5"
"4739","3369","Extend","2024-03-27","2024-04-03 01:01:08","2024-04-03 01:01:46","5"
"4741","3463","Extend","2024-03-30","2024-04-03 01:05:55","2024-04-06 11:58:42","5"
"4742","3567","Extend","2024-04-06","2024-04-03 01:06:44","2024-05-04 04:29:48","5"
"4745","3298","Extend","2024-03-02","2024-04-03 01:19:56","2024-05-31 22:47:25","5"
"4757","3403","Extend","2024-03-30","2024-04-03 03:54:26","2024-04-03 03:55:10","2"
"4766","2937","Extend","2024-03-22","2024-04-03 11:00:42","2024-04-03 11:01:15","13"
"4774","3248","Extend","2024-02-03","2024-04-04 04:52:19","2024-04-04 05:02:59","17"
"4780","3266","Extend","2024-02-17","2024-04-04 05:42:08","2024-04-04 05:44:25","17"
"4814","3348","Extend","2024-02-16","2024-04-08 04:01:15","2024-04-08 04:01:47","3"
"4816","3409","Extend","2024-03-15","2024-04-08 04:03:02","2024-04-08 04:03:36","3"
"4832","3308","Extend","2024-04-13","2024-04-12 11:35:54","2024-04-12 11:36:37","11"
"4848","3389","Extend","2024-04-06","2024-04-20 03:49:29","2024-04-20 03:49:48","9"
"4855","3464","Extend","2024-04-20","2024-04-20 06:16:09","2024-04-20 06:16:21","5"
"4862","3528","Extend","2024-04-12","2024-04-20 06:53:37","2024-04-20 06:53:59","4"
"4890","3256","Extend","2024-03-02","2024-04-24 07:13:44","2024-04-24 07:13:57","3"
"4898","3477","Extend","2024-04-26","2024-04-25 17:03:00","2024-04-26 04:38:44","19"
"4900","3574","Extend","2024-04-06","2024-04-26 09:14:57","2024-04-26 09:15:47","17"
"4902","3524","Extend","2024-04-06","2024-04-26 09:34:09","2024-04-26 09:34:52","17"
"4907","3548","Extend","2024-04-26","2024-04-26 16:27:42","2024-04-26 16:27:48","4"
"4908","3550","Extend","2024-04-26","2024-04-26 16:34:03","2024-04-26 16:34:12","4"
"4909","3623","Extend","2024-05-04","2024-04-27 03:09:17","2024-04-27 06:55:08","21"
"4923","3481","Extend","2024-05-04","2024-04-29 07:03:12","2024-04-29 07:03:52","19"
"4924","3489","Extend","2024-05-04","2024-04-29 07:05:22","2024-04-29 07:05:44","19"
"4925","3771","Extend","2024-05-04","2024-04-29 15:34:43","2024-05-09 07:27:27","19"
"4926","3748","Extend","2024-05-04","2024-04-29 15:35:33","2024-05-09 07:27:05","19"
"4938","3588","Extend","2024-04-20","2024-04-30 11:07:34","2024-04-30 11:07:52","7"
"4949","3562","Extend","2024-05-03","2024-05-01 15:02:25","2024-05-01 15:02:41","19"
"4955","3521","Extend","2024-04-18","2024-05-02 14:07:22","2024-05-02 14:07:39","2"
"4956","3515","Extend","2024-04-20","2024-05-02 14:08:16","2024-06-03 08:01:58","2"
"4957","3735","Extend","2024-04-20","2024-05-02 14:08:52","2024-06-03 08:01:15","2"
"4968","3493","Extend","2024-03-06","2024-05-03 06:04:18","2024-05-03 06:04:51","6"
"4969","3500","Extend","2024-04-06","2024-05-03 06:08:43","2024-05-03 06:09:47","6"
"4995","3746","Extend","2024-05-18","2024-05-07 06:17:24","2024-07-23 06:07:47","7"
"5005","3510","Extend","2024-05-11","2024-05-08 07:13:48","2024-05-08 07:14:07","19"
"5006","3509","Extend","2024-05-10","2024-05-08 07:16:21","2024-05-08 07:16:41","19"
"5012","3661","Extend","2024-05-09","2024-05-09 07:20:15","2024-05-22 12:13:10","20"
"5013","3662","Extend","2024-05-09","2024-05-09 07:20:43","2024-05-18 12:07:48","20"
"5014","3479","Extend","2024-05-04","2024-05-09 07:23:04","2024-05-09 07:23:29","19"
"5018","3636","Extend","2024-05-18","2024-05-10 15:22:55","2024-05-11 03:25:09","20"
"5021","3377","Extend","2024-05-24","2024-05-10 16:00:18","2024-05-10 16:01:26","4"
"5025","3398","Extend","2024-06-06","2024-05-11 05:03:54","2024-05-11 08:57:40","11"
"5030","3399","Extend","2024-06-08","2024-05-11 08:58:14","2024-05-11 08:58:30","11"
"5032","3698","Extend","2024-05-25","2024-05-11 13:51:22","2024-05-11 13:51:36","4"
"5034","3687","Extend","2024-04-27","2024-05-11 14:56:08","2024-05-11 14:56:47","6"
"5035","3750","Extend","2024-05-25","2024-05-11 16:23:58","2024-05-11 16:24:40","20"
"5039","3491","Extend","2024-05-10","2024-05-12 09:52:33","2024-05-12 09:53:25","19"
"5040","3490","Extend","2024-05-10","2024-05-12 09:54:57","2024-05-12 09:56:06","19"
"5041","3483","Extend","2024-05-10","2024-05-12 16:33:31","2024-05-12 16:33:50","19"
"5042","3561","Extend","2024-05-11","2024-05-12 16:35:13","2024-05-12 16:36:21","19"
"5057","3655","Extend","2024-05-16","2024-05-16 12:07:37","2024-05-27 14:30:54","20"
"5065","3633","Extend","2024-05-16","2024-05-17 12:32:49","2024-05-17 12:33:44","2"
"5066","3718","Extend","2024-05-23","2024-05-17 14:52:01","2024-05-17 14:52:29","5"
"5067","3714","Extend","2024-06-01","2024-05-17 14:54:29","2024-05-17 14:55:21","5"
"5068","3214","Extend","2024-05-11","2024-05-18 02:20:36","2024-05-18 02:20:50","5"
"5073","3482","Extend","2024-05-17","2024-05-20 07:25:24","2024-05-20 07:25:44","19"
"5074","3639","Extend","2024-05-17","2024-05-20 07:35:16","2024-05-20 07:35:40","19"
"5075","3666","Extend","2024-05-17","2024-05-20 07:58:58","2024-05-20 08:00:26","19"
"5077","3290","Extend","2024-05-17","2024-05-20 08:26:00","2024-05-20 08:26:17","4"
"5084","3815","Extend","2024-06-06","2024-05-23 03:00:41","2024-05-23 03:01:38","5"
"5087","3676","Extend","2024-05-16","2024-05-23 08:59:42","2024-05-23 08:59:55","7"
"5093","3635","Extend","2024-05-25","2024-05-23 12:51:58","2024-05-23 12:52:34","19"
"5094","3818","Extend","2024-06-06","2024-05-23 13:07:36","2024-05-23 13:07:47","5"
"5095","3668","Extend","2024-05-24","2024-05-24 04:12:54","2024-05-24 04:16:31","19"
"5097","3318","Extend","2024-06-07","2024-05-24 04:24:11","2024-05-24 04:24:48","11"
"5098","3376","Extend","2024-05-31","2024-05-24 13:42:10","2024-05-24 13:42:27","4"
"5101","3637","Extend","2024-05-16","2024-05-25 04:22:01","2024-05-25 04:23:16","20"
"5104","3842","Extend","2024-06-08","2024-05-26 04:02:54","2024-06-02 03:39:16","5"
"5113","3756","Extend","2024-05-25","2024-05-29 07:15:13","2024-05-29 07:15:23","9"
"5115","3664","Extend","2024-05-24","2024-05-31 05:22:36","2024-05-31 05:23:07","19"
"5120","3213","Extend","2024-05-25","2024-05-31 22:37:20","2024-06-02 04:33:09","5"
"5129","3627","Extend","2024-06-07","2024-06-01 04:17:06","2024-06-03 07:07:52","21"
"5145","3577","Extend","2024-05-24","2024-06-02 08:58:05","2024-06-02 08:59:04","19"
"5147","3665","Extend","2024-05-25","2024-06-02 09:14:08","2024-06-02 09:14:45","19"
"5153","3332","Extend","2024-05-11","2024-06-02 14:21:47","2024-06-02 14:22:07","13"
"5180","3605","Extend","2024-05-11","2024-06-04 22:08:58","2024-06-04 22:09:46","17"
"5181","3248","Extend","2024-05-11","2024-06-04 22:30:20","2024-06-04 22:40:19","17"
"5188","3782","Extend","2024-06-06","2024-06-06 02:09:02","2024-06-07 11:30:06","20"
"5189","3783","Extend","2024-06-06","2024-06-06 02:15:07","2024-06-07 11:29:06","20"
"5208","3823","Extend","2024-06-07","2024-06-08 06:19:54","2024-06-08 06:20:48","4"
"5224","3855","Extend","2024-06-15","2024-06-11 06:39:38","2024-06-11 06:40:11","7"
"5244","3669","Extend","2024-06-07","2024-06-14 08:12:33","2024-06-14 08:12:59","19"
"5245","3638","Extend","2024-06-08","2024-06-14 08:29:57","2024-06-14 08:30:31","19"
"5259","3841","Extend","2024-06-21","2024-06-17 04:27:26","2024-06-17 04:28:09","20"
"5263","3311","Extend","2024-06-08","2024-06-20 02:26:21","2024-06-20 02:26:35","11"
"5265","3770","Extend","2024-06-15","2024-06-20 09:00:47","2024-06-24 08:49:40","19"
"5267","3891","Extend","2024-07-20","2024-06-21 04:19:46","2024-06-24 10:21:42","22"
"5269","3695","Extend","2024-06-18","2024-06-21 09:22:26","2024-06-21 09:22:34","6"
"5271","3829","Extend","2024-07-05","2024-06-21 09:44:42","2024-06-21 09:45:39","16"
"5277","3289","Extend","2024-05-16","2024-06-22 05:21:07","2024-07-04 05:38:26","2"
"5278","3834","Extend","2024-07-06","2024-06-22 05:50:09","2024-06-22 05:50:26","20"
"5292","3957","Extend","2024-07-06","2024-06-25 01:11:09","2024-06-29 06:19:35","24"
"5303","3858","Extend","2024-07-06","2024-06-27 08:49:42","2024-06-27 09:02:25","4"
"5306","3935","Extend","2024-06-27","2024-06-28 08:14:56","2024-08-03 16:35:04","5"
"5312","4080","Extend","2024-07-27","2024-06-29 13:56:30","2024-06-29 13:56:46","4"
"5313","3931","Extend","2024-07-03","2024-06-30 00:35:53","2024-08-03 16:32:41","5"
"5316","4057","Extend","2024-07-04","2024-06-30 00:40:20","2024-06-30 00:40:33","5"
"5317","3877","Extend","2024-07-06","2024-06-30 00:44:58","2024-08-03 16:37:37","5"
"5318","4025","Extend","2024-07-30","2024-06-30 03:01:13","2024-06-30 03:02:01","5"
"5320","3936","Extend","2024-07-05","2024-06-30 10:33:09","2024-06-30 10:33:39","24"
"5328","3852","Extend","2024-07-06","2024-07-01 03:07:13","2024-07-01 03:07:37","22"
"5335","3948","Extend","2024-07-06","2024-07-01 08:30:43","2024-07-01 08:31:43","20"
"5339","3949","Extend","2024-07-06","2024-07-01 14:17:04","2024-07-01 14:17:31","20"
"5355","3873","Extend","2024-07-05","2024-07-03 00:18:59","2024-07-03 01:24:28","23"
"5357","3806","Extend","2024-06-12","2024-07-03 01:02:30","2024-07-03 01:02:51","6"
"5358","3803","Extend","2024-06-08","2024-07-03 01:04:30","2024-07-03 01:04:44","6"
"5365","3797","Extend","2024-06-28","2024-07-03 07:15:22","2024-07-03 07:16:58","19"
"5366","3798","Extend","2024-07-05","2024-07-03 07:18:06","2024-07-03 07:18:16","19"
"5367","3634","Extend","2024-06-21","2024-07-03 07:18:55","2024-07-03 07:22:34","19"
"5368","3894","Extend","2024-07-05","2024-07-03 07:33:28","2024-07-03 07:34:08","24"
"5369","3621","Extend","2024-06-21","2024-07-03 07:42:05","2024-07-03 07:42:39","19"
"5370","3740","Extend","2024-06-21","2024-07-03 07:43:10","2024-07-03 07:44:48","19"
"5389","3933","Extend","2024-07-05","2024-07-04 09:59:12","2024-07-04 09:59:45","23"
"5396","3761","Extend","2024-06-15","2024-07-04 15:24:03","2024-07-04 15:29:36","13"
"5397","3725","Extend","2024-06-08","2024-07-04 15:30:52","2024-07-04 15:31:35","13"
"5398","3726","Extend","2024-06-14","2024-07-04 15:37:13","2024-07-04 15:38:43","13"
"5405","3914","Extend","2024-07-06","2024-07-05 03:42:07","2024-07-05 03:42:26","24"
"5413","3796","Extend","2024-07-06","2024-07-06 01:41:05","2024-07-11 05:43:44","11"
"5431","3956","Extend","2024-07-06","2024-07-10 02:00:58","2024-07-10 02:01:10","9"
"5445","3640","Extend","2024-07-05","2024-07-11 05:32:18","2024-07-11 05:32:57","11"
"5446","3641","Extend","2024-07-05","2024-07-11 05:33:27","2024-07-11 05:33:45","11"
"5457","3930","Extend","2024-07-12","2024-07-12 02:07:08","2024-07-12 02:07:51","24"
"5465","3999","Extend","2024-07-20","2024-07-13 08:57:06","2024-07-13 08:58:29","24"
"5475","3982","Extend","2024-07-19","2024-07-15 11:09:04","2024-07-15 11:09:34","22"
"5498","3954","Extend","2024-07-20","2024-07-20 09:09:58","2024-07-20 09:11:07","24"
"5513","3793","Extend","2024-06-29","2024-07-23 08:25:56","2024-07-23 08:26:28","3"
"5517","3671","Extend","2024-06-05","2024-07-23 15:05:48","2024-07-23 15:06:10","3"
"5518","3102","Extend","2024-01-05","2024-07-25 11:38:11","2024-07-25 11:38:38","4"
"5521","4985","Extend","2025-02-05","2024-07-25 11:52:59","2024-07-25 11:53:10","1"
"5531","4098","Extend","2024-07-24","2024-07-28 06:41:02","2024-08-08 21:25:39","5"
"5533","4100","Extend","2024-07-25","2024-07-28 06:43:00","2024-07-28 06:43:54","5"
"5535","4026","Extend","2024-07-27","2024-07-28 06:45:50","2024-07-28 06:46:13","5"
"5536","4027","Extend","2024-07-27","2024-07-28 06:48:03","2024-07-28 06:48:03","5"
"5537","4101","Extend","2024-08-01","2024-07-28 09:53:00","2024-08-22 21:46:01","5"
"5562","4010","Extend","2024-08-02","2024-07-31 21:27:13","2024-07-31 21:28:13","23"
"5578","2860","Extend","2023-12-06","2024-08-02 10:07:30","2024-08-02 10:07:49","1"
"5579","2860","Extend","2024-03-06","2024-08-02 10:08:11","2024-08-02 10:08:18","1"
"5580","4011","Extend","2024-08-02","2024-08-02 10:54:44","2024-08-02 11:04:18","23"
"5581","4990","Extend","2025-02-15","2024-08-02 10:55:48","2024-09-30 11:03:49","1"
"5582","1272","3 Months Continuation","2023-07-05","2024-08-02 11:05:57","2024-08-02 11:06:03","1"
"5602","4085","3 Months Continuation","2024-07-13","2024-08-03 21:46:10","2024-08-03 21:46:25","13"
"5604","3942","3 Months Continuation","2024-07-12","2024-08-03 21:49:45","2024-08-03 21:50:57","13"
"5630","4116","3 Months Continuation","2024-08-03","2024-08-07 12:06:18","2024-08-07 12:06:54","9"
"5647","4061","3 Months Continuation","2024-08-10","2024-08-10 01:31:07","2024-08-10 01:31:45","5"
"5672","4094","3 Months Continuation","2024-07-30","2024-08-13 10:31:51","2024-08-13 10:32:28","7"
"5679","4003","3 Months Continuation","2024-08-03","2024-08-13 21:27:05","2024-08-13 21:28:42","3"
"5683","3813","3 Months Continuation","2024-07-19","2024-08-13 21:36:29","2024-08-13 21:36:54","3"
"5714","3998","3 Months Continuation","2024-09-07","2024-08-17 22:45:28","2024-08-21 08:47:59","24"
"5722","4161","3 Months Continuation","2024-08-24","2024-08-19 17:53:58","2024-08-19 17:54:18","4"
"5723","4110","3 Months Continuation","2024-08-28","2024-08-20 09:58:52","2024-08-20 09:59:18","22"
"5728","3477","3 Months Continuation","2024-07-19","2024-08-20 17:14:59","2024-08-20 17:15:50","19"
"5730","3965","3 Months Continuation","2024-07-19","2024-08-20 17:18:52","2024-08-20 17:19:42","19"
"5731","3481","3 Months Continuation","2024-07-27","2024-08-20 17:24:33","2024-08-20 17:24:57","19"
"5732","3483","3 Months Continuation","2024-08-02","2024-08-20 17:29:23","2024-08-20 17:30:13","19"
"5733","3490","3 Months Continuation","2024-08-02","2024-08-20 17:36:26","2024-08-20 17:36:48","19"
"5734","3562","3 Months Continuation","2024-08-02","2024-08-20 17:44:20","2024-08-20 17:44:46","19"
"5736","3482","3 Months Continuation","2024-08-09","2024-08-20 18:36:43","2024-08-20 18:37:39","19"
"5737","4123","3 Months Continuation","2024-08-23","2024-08-20 19:43:04","2024-08-20 19:43:12","4"
"5749","3637","3 Months Continuation","2024-08-08","2024-08-21 16:46:34","2024-08-21 16:47:17","20"
"5754","4097","3 Months Continuation","2024-08-14","2024-08-23 16:18:47","2024-08-23 16:19:33","5"
"5755","4096","3 Months Continuation","2024-08-14","2024-08-23 16:21:56","2024-08-23 16:21:56","5"
"5756","4104","3 Months Continuation","2024-08-03","2024-08-23 18:52:18","2024-10-04 21:01:19","5"
"5761","3561","3 Months Continuation","2024-08-03","2024-08-24 13:38:50","2024-08-24 13:39:42","19"
"5764","4122","3 Months Continuation","2024-08-31","2024-08-24 18:46:16","2024-08-24 18:46:54","24"
"5779","3969","3 Months Continuation","2024-07-20","2024-08-27 15:01:09","2024-08-27 15:03:06","19"
"5780","3962","3 Months Continuation","2024-07-26","2024-08-27 15:10:15","2024-08-27 15:11:01","19"
"5781","3479","3 Months Continuation","2024-07-27","2024-08-27 15:12:56","2024-08-27 15:14:01","19"
"5782","3748","3 Months Continuation","2024-07-27","2024-08-27 15:15:02","2024-08-27 15:15:17","19"
"5784","3509","3 Months Continuation","2024-08-02","2024-08-27 15:18:31","2024-08-27 15:20:29","19"
"5785","3510","3 Months Continuation","2024-08-03","2024-08-27 15:21:52","2024-08-27 15:22:29","19"
"5786","3664","3 Months Continuation","2024-08-16","2024-08-27 15:24:18","2024-08-27 15:24:46","19"
"5788","3665","3 Months Continuation","2024-08-17","2024-08-27 15:25:43","2024-08-27 15:26:07","19"
"5791","4037","3 Months Continuation","2024-09-07","2024-08-28 09:26:35","2024-08-28 09:27:00","24"
"5800","4066","3 Months Continuation","2024-08-31","2024-08-29 15:50:51","2024-08-29 15:52:06","24"
"5806","4170","3 Months Continuation","2024-08-27","2024-08-29 19:53:28","2024-08-29 19:53:44","7"
"5812","3841","3 Months Continuation","2024-09-13","2024-08-30 19:32:43","2024-08-30 19:40:39","20"
"5823","4091","3 Months Continuation","2024-08-31","2024-09-01 09:43:53","2024-09-01 09:44:17","24"
"5837","4124","3 Months Continuation","2024-08-24","2024-09-03 00:04:03","2024-12-03 21:26:55","13"
"5841","3945","3 Months Continuation","2024-08-02","2024-09-03 00:28:38","2024-09-03 00:29:27","13"
"5842","4042","3 Months Continuation","2024-08-09","2024-09-03 00:29:59","2024-11-16 10:25:31","13"
"5845","4089","3 Months Continuation","2024-08-31","2024-09-03 01:29:06","2024-09-03 01:29:18","13"
"5855","4062","3 Months Continuation","2024-08-28","2024-09-03 08:11:05","2024-09-03 08:14:29","5"
"5856","4063","3 Months Continuation","2024-09-04","2024-09-03 08:15:21","2024-09-03 08:15:40","5"
"5873","4358","3 Months Continuation","2024-08-10","2024-09-04 18:17:23","2024-09-04 18:17:51","17"
"5882","3399","3 Months Continuation","2024-09-07","2024-09-05 15:35:55","2024-09-05 15:36:24","11"
"5897","4205","3 Months Continuation","2024-09-05","2024-09-07 13:34:30","2024-09-07 13:36:49","20"
"5903","4216","3 Months Continuation","2024-09-14","2024-09-07 15:57:22","2024-09-07 16:08:20","4"
"5923","3968","3 Months Continuation","2024-08-31","2024-09-10 23:35:52","2024-09-10 23:38:07","19"
"5931","4362","3 Months Continuation","2024-08-10","2024-09-11 21:31:46","2024-09-11 21:32:20","17"
"5935","4357","3 Months Continuation","2024-09-06","2024-09-11 22:51:07","2024-09-11 22:51:36","17"
"5936","4364","3 Months Continuation","2024-08-17","2024-09-11 22:53:25","2024-09-11 22:53:43","17"
"5948","4210","3 Months Continuation","2024-09-06","2024-09-12 21:59:38","2024-09-13 12:46:57","20"
"5949","4109","3 Months Continuation","2024-09-14","2024-09-13 13:55:55","2024-09-13 13:56:12","22"
"5950","4145","3 Months Continuation","2024-09-14","2024-09-13 14:01:22","2024-09-13 14:01:33","22"
"5951","4349","3 Months Continuation","2024-09-12","2024-09-13 14:14:24","2024-09-13 14:14:34","2"
"5956","4032","3 Months Continuation","2024-09-06","2024-09-13 16:26:18","2024-09-13 16:26:33","11"
"5957","3311","3 Months Continuation","2024-09-07","2024-09-13 16:27:21","2024-09-13 16:28:03","11"
"5973","4258","3 Months Continuation","2024-09-28","2024-09-16 12:34:31","2024-09-16 12:35:08","4"
"5988","4367","3 Months Continuation","2024-08-24","2024-09-18 15:37:37","2024-09-18 15:38:05","17"
"5990","4371","3 Months Continuation","2024-09-07","2024-09-18 15:44:36","2024-09-18 15:45:10","17"
"5992","4214","3 Months Continuation","2024-09-07","2024-09-18 15:50:26","2024-09-18 15:51:03","17"
"6008","4305","3 Months Continuation","2024-10-04","2024-09-20 17:51:29","2024-09-25 17:28:07","25"
"6020","4131","3 Months Continuation","2024-09-28","2024-09-23 16:03:38","2024-09-23 16:04:16","19"
"6021","4248","3 Months Continuation","2024-09-28","2024-09-23 16:08:08","2024-09-23 16:08:27","19"
"6029","4187","3 Months Continuation","2024-08-14","2024-09-24 21:40:51","2024-09-24 21:41:36","3"
"6052","4208","3 Months Continuation","2024-09-21","2024-09-27 16:32:49","2024-09-27 16:33:12","20"
"6057","4387","3 Months Continuation","2024-10-04","2024-09-27 17:34:22","2024-09-27 17:35:19","4"
"6061","4275","3 Months Continuation","2024-10-04","2024-09-27 19:37:50","2024-09-27 19:38:14","25"
"6062","4276","3 Months Continuation","2024-10-04","2024-09-27 19:39:58","2024-09-27 19:40:12","25"
"6069","4316","3 Months Continuation","2024-10-11","2024-09-28 10:13:19","2024-09-28 10:13:36","25"
"6072","4150","3 Months Continuation","2024-09-13","2024-09-28 11:27:02","2024-09-28 11:27:23","8"
"6074","4045","3 Months Continuation","2024-10-05","2024-09-28 13:37:36","2024-09-28 13:37:49","8"
"6075","4403","3 Months Continuation","2024-10-12","2024-09-28 13:46:36","2024-09-28 13:47:10","25"
"6095","4281","3 Months Continuation","2024-10-05","2024-09-30 11:05:04","2024-09-30 11:05:21","22"
"6105","4278","3 Months Continuation","2024-10-03","2024-10-01 13:03:41","2024-10-01 13:04:03","11"
"6106","4181","3 Months Continuation","2024-09-27","2024-10-01 13:06:31","2024-10-01 13:06:52","11"
"6110","4292","3 Months Continuation","2024-09-14","2024-10-01 19:47:53","2024-10-01 19:48:16","8"
"6114","4393","3 Months Continuation","2024-10-12","2024-10-02 03:04:17","2024-10-10 12:44:19","27"
"6120","4333","3 Months Continuation","2024-09-21","2024-10-03 07:37:22","2024-10-03 07:37:36","5"
"6122","4755","3 Months Continuation","2024-09-28","2024-10-03 08:35:14","2024-10-03 08:35:26","5"
"6125","4661","3 Months Continuation","2024-10-05","2024-10-03 12:32:49","2024-10-25 19:26:06","5"
"6153","4327","3 Months Continuation","2024-09-27","2024-10-04 20:23:05","2024-10-04 20:23:24","13"
"6154","4260","3 Months Continuation","2024-10-05","2024-10-04 20:56:45","2024-10-04 20:58:54","21"
"6157","4244","3 Months Continuation","2024-09-05","2024-10-05 09:28:33","2024-10-05 09:28:49","9"
"6161","4167","3 Months Continuation","2024-09-11","2024-10-05 11:37:18","2024-10-05 11:37:40","6"
"6162","4271","3 Months Continuation","2024-10-12","2024-10-05 13:15:28","2024-10-05 13:15:45","25"
"6163","4270","3 Months Continuation","2024-10-19","2024-10-05 13:22:05","2024-10-05 13:22:21","25"
"6165","4429","3 Months Continuation","2024-10-05","2024-10-05 14:09:21","2024-10-05 14:09:33","9"
"6166","4294","3 Months Continuation","2024-10-12","2024-10-05 16:39:09","2024-10-05 16:39:26","25"
"6167","4377","3 Months Continuation","2024-10-31","2024-10-06 15:25:31","2024-10-06 15:26:31","16"
"6172","4388","3 Months Continuation","2024-10-18","2024-10-07 16:23:42","2024-10-07 16:24:23","4"
"6174","3852","3 Months Continuation","2024-10-09","2024-10-07 22:55:40","2024-10-15 09:55:58","22"
"6177","3797","3 Months Continuation","2024-09-27","2024-10-08 14:05:01","2024-10-08 14:05:33","19"
"6178","3798","3 Months Continuation","2024-10-04","2024-10-08 14:11:44","2024-10-08 14:12:01","19"
"6182","3956","3 Months Continuation","2024-10-05","2024-10-10 11:44:08","2024-10-10 11:44:33","9"
"6194","4456","3 Months Continuation","2024-11-01","2024-10-11 18:40:43","2024-10-11 18:41:23","25"
"6195","4529","3 Months Continuation","2024-11-01","2024-10-11 18:43:57","2024-10-11 18:44:50","25"
"6202","4334","3 Months Continuation","2024-10-05","2024-10-12 04:15:40","2024-10-25 19:41:49","5"
"6209","4310","3 Months Continuation","2024-10-03","2024-10-12 14:31:33","2024-10-12 14:32:22","9"
"6211","4274","3 Months Continuation","2024-10-20","2024-10-13 10:14:49","2024-10-13 10:15:04","25"
"6213","4383","3 Months Continuation","2024-10-26","2024-10-13 16:55:04","2024-10-13 16:55:30","16"
"6221","4352","3 Months Continuation","2024-10-04","2024-10-15 17:05:14","2024-10-26 09:28:09","11"
"6222","4374","3 Months Continuation","2024-10-05","2024-10-15 17:06:07","2024-10-26 09:27:03","11"
"6228","4300","3 Months Continuation","2024-09-14","2024-10-15 20:31:45","2024-10-15 20:33:12","6"
"6229","4301","3 Months Continuation","2024-10-01","2024-10-15 20:37:30","2024-10-15 20:38:36","6"
"6243","4507","3 Months Continuation","2024-09-24","2024-10-17 15:00:11","2024-10-17 15:01:16","7"
"6248","4223","3 Months Continuation","2024-09-21","2024-10-17 20:18:00","2024-10-17 20:20:14","3"
"6249","4225","3 Months Continuation","2024-09-21","2024-10-17 20:20:46","2024-10-17 20:20:59","3"
"6260","4461","3 Months Continuation","2024-10-12","2024-10-19 16:36:37","2024-10-19 16:36:59","2"
"6264","4452","3 Months Continuation","2024-10-16","2024-10-21 10:17:47","2024-10-21 10:18:31","22"
"6265","4453","3 Months Continuation","2024-10-16","2024-10-21 10:19:15","2024-10-21 10:19:22","22"
"6269","4460","3 Months Continuation","2024-10-19","2024-10-21 11:17:26","2024-10-21 11:17:37","9"
"6274","3640","3 Months Continuation","2024-10-25","2024-10-22 13:28:56","2024-10-23 13:55:36","11"
"6284","4272","3 Months Continuation","2024-10-26","2024-10-23 10:44:31","2024-10-23 10:45:14","25"
"6291","4497","3 Months Continuation","2024-10-25","2024-10-25 16:40:21","2024-10-25 16:40:32","22"
"6292","4498","3 Months Continuation","2024-10-25","2024-10-25 16:41:14","2024-10-25 16:41:22","22"
"6297","4261","3 Months Continuation","2024-09-11","2024-10-25 21:58:22","2024-10-25 22:05:03","3"
"6299","4253","3 Months Continuation","2024-10-26","2024-10-26 09:30:57","2024-10-26 09:31:11","11"
"6301","4575","3 Months Continuation","2024-10-19","2024-10-26 11:44:24","2024-10-26 11:45:04","5"
"6304","4518","3 Months Continuation","2024-10-26","2024-10-26 12:33:05","2024-10-26 12:33:18","11"
"6306","4519","3 Months Continuation","2024-10-26","2024-10-26 15:06:26","2024-10-26 15:06:43","11"
"6312","4311","3 Months Continuation","2024-11-02","2024-10-28 13:03:23","2024-10-28 13:17:11","9"
"6314","4418","3 Months Continuation","2024-10-18","2024-10-28 15:33:34","2024-10-30 01:45:28","18"
"6329","4228","3 Months Continuation","2024-10-12","2024-10-29 16:45:17","2024-10-29 16:45:26","7"
"6350","4580","3 Months Continuation","2024-11-02","2024-11-01 16:48:30","2024-11-01 16:48:48","4"
"6353","3822","3 Months Continuation","2024-10-18","2024-11-01 21:18:36","2024-11-01 21:18:53","8"
"6354","4612","3 Months Continuation","2024-11-15","2024-11-01 23:55:53","2024-11-01 23:56:27","4"
"6358","4550","3 Months Continuation","2024-11-02","2024-11-02 14:26:17","2024-11-02 14:26:53","9"
"6365","4423","3 Months Continuation","2024-11-16","2024-11-02 15:56:51","2024-11-02 15:57:05","25"
"6370","4643","3 Months Continuation","2024-11-02","2024-11-02 20:07:52","2024-11-02 20:08:51","2"
"6376","4547","3 Months Continuation","2024-10-25","2024-11-03 18:40:30","2024-11-03 18:41:23","13"
"6377","3942","3 Months Continuation","2024-10-04","2024-11-03 18:43:05","2024-11-03 18:44:02","13"
"6378","3761","3 Months Continuation","2024-10-05","2024-11-03 18:45:07","2024-11-03 18:45:45","13"
"6383","4544","3 Months Continuation","2024-10-19","2024-11-04 00:15:46","2024-11-22 18:59:09","5"
"6385","4617","3 Months Continuation","2024-11-02","2024-11-04 00:38:49","2024-11-16 15:52:19","5"
"6386","4597","3 Months Continuation","2024-11-07","2024-11-04 00:58:46","2024-12-03 08:44:01","5"
"6387","4648","3 Months Continuation","2024-10-26","2024-11-04 01:01:07","2024-11-04 01:10:25","5"
"6388","4097","3 Months Continuation","2024-11-06","2024-11-04 01:07:21","2024-11-13 10:21:35","5"
"6389","4104","3 Months Continuation","2024-10-26","2024-11-04 01:15:00","2025-01-12 04:48:42","5"
"6390","4616","3 Months Continuation","2024-11-07","2024-11-04 01:15:48","2024-12-01 13:17:57","5"
"6391","4101","3 Months Continuation","2024-10-31","2024-11-04 01:17:23","2025-01-09 10:21:15","5"
"6392","4100","3 Months Continuation","2024-10-17","2024-11-04 01:18:29","2024-11-04 01:26:15","5"
"6410","4561","3 Months Continuation","2024-11-09","2024-11-06 20:57:07","2024-11-06 20:57:07","24"
"6412","4671","3 Months Continuation","2024-11-08","2024-11-07 14:10:22","2024-11-07 14:10:28","13"
"6414","4469","3 Months Continuation","2024-11-12","2024-11-07 15:11:44","2024-11-07 15:12:17","4"
"6429","4571","3 Months Continuation","2024-11-16","2024-11-09 16:07:26","2024-11-09 16:07:45","25"
"6431","4652","3 Months Continuation","2024-11-16","2024-11-09 18:29:52","2024-11-09 18:30:03","4"
"6437","4506","3 Months Continuation","2024-10-03","2024-11-12 14:10:53","2024-11-15 16:04:05","7"
"6443","5097","3 Months Continuation","2024-11-20","2024-11-14 07:42:52","2024-11-14 07:43:03","5"
"6452","4123","3 Months Continuation","2024-11-22","2024-11-14 15:29:49","2024-11-14 15:29:57","4"
"6454","4639","3 Months Continuation","2024-11-20","2024-11-15 09:29:30","2024-11-15 09:30:43","5"
"6457","4560","3 Months Continuation","2024-11-05","2024-11-15 17:01:14","2024-11-15 17:03:13","7"
"6464","4042","3 Months Continuation","2024-11-08","2024-11-16 10:26:04","2024-11-16 10:26:16","13"
"6465","4669","3 Months Continuation","2024-11-08","2024-11-16 10:26:57","2024-11-16 10:27:08","13"
"6466","4528","3 Months Continuation","2024-11-09","2024-11-16 10:32:27","2024-11-16 10:32:38","13"
"6467","3951","3 Months Continuation","2024-08-10","2024-11-16 12:40:05","2024-11-16 12:40:25","3"
"6473","4723","3 Months Continuation","2025-01-04","2024-11-16 17:53:21","2024-11-16 17:53:29","4"
"6474","4266","3 Months Continuation","2024-11-15","2024-11-16 18:06:36","2024-11-16 18:06:44","4"
"6482","4355","3 Months Continuation","2024-10-04","2024-11-20 21:07:11","2024-11-20 21:07:26","3"
"6500","4640","3 Months Continuation","2024-11-23","2024-11-23 12:40:53","2025-02-28 19:15:27","2"
"6501","4641","3 Months Continuation","2024-11-23","2024-11-23 12:41:30","2025-02-28 19:15:42","2"
"6502","4499","3 Months Continuation","2024-11-23","2024-11-23 12:59:31","2024-11-23 12:59:42","2"
"6510","4613","3 Months Continuation","2024-11-22","2024-11-25 09:58:10","2024-11-25 09:58:29","22"
"6511","4615","3 Months Continuation","2024-11-22","2024-11-25 09:59:24","2024-11-25 09:59:36","22"
"6513","4685","3 Months Continuation","2024-11-23","2024-11-25 10:53:15","2024-11-25 10:53:24","22"
"6517","4632","3 Months Continuation","2024-11-20","2024-11-25 17:40:06","2024-11-25 17:40:32","5"
"6518","5098","3 Months Continuation","2024-11-20","2024-11-25 17:41:04","2024-11-25 17:41:15","5"
"6520","4608","3 Months Continuation","2024-11-09","2024-11-25 18:14:30","2024-11-25 18:15:14","3"
"6528","4039","3 Months Continuation","2024-06-19","2024-11-26 21:17:45","2024-11-26 21:18:05","3"
"6532","4684","3 Months Continuation","2024-11-22","2024-11-27 09:40:06","2024-11-27 09:40:22","22"
"6536","4614","3 Months Continuation","2024-11-30","2024-11-27 10:41:23","2024-11-27 10:41:31","22"
"6543","4794","3 Months Continuation","2024-11-27","2024-11-27 18:33:15","2025-01-08 07:57:36","5"
"6544","4494","3 Months Continuation","2024-11-23","2024-11-27 19:37:52","2024-11-27 19:38:34","24"
"6549","4952","3 Months Continuation","2024-11-28","2024-11-29 16:58:17","2024-11-29 16:59:08","11"
"6550","4734","3 Months Continuation","2024-11-28","2024-11-29 18:43:00","2024-11-29 18:43:22","11"
"6561","4061","3 Months Continuation","2024-11-09","2024-12-01 12:45:05","2024-12-01 12:46:25","5"
"6564","4663","3 Months Continuation","2024-11-28","2024-12-01 12:49:10","2024-12-01 12:49:29","5"
"6565","4657","3 Months Continuation","2024-11-23","2024-12-01 12:52:25","2025-01-10 15:51:19","5"
"6566","4647","3 Months Continuation","2024-11-28","2024-12-01 12:54:50","2025-01-17 20:08:32","5"
"6567","4645","3 Months Continuation","2024-11-30","2024-12-01 12:59:14","2025-02-21 10:10:07","5"
"6571","3673","3 Months Continuation","2024-11-14","2024-12-01 21:00:51","2024-12-01 21:01:10","8"
"6572","2933","3 Months Continuation","2024-11-14","2024-12-01 21:02:01","2024-12-01 21:02:15","8"
"6576","3960","3 Months Continuation","2024-11-07","2024-12-02 10:32:32","2024-12-02 10:32:52","9"
"6578","4146","3 Months Continuation","2024-09-07","2024-12-02 15:21:10","2024-12-02 15:21:36","17"
"6581","4174","3 Months Continuation","2024-10-11","2024-12-02 15:28:56","2024-12-02 15:29:08","17"
"6582","4370","3 Months Continuation","2024-10-04","2024-12-02 15:30:37","2024-12-02 15:30:50","17"
"6592","4262","3 Months Continuation","2024-08-28","2024-12-02 21:51:32","2024-12-02 21:51:49","3"
"6601","4525","3 Months Continuation","2024-11-30","2024-12-03 08:11:47","2024-12-03 08:11:47","2"
"6602","4753","3 Months Continuation","2024-12-07","2024-12-03 08:16:12","2024-12-03 08:16:12","2"
"6603","4644","3 Months Continuation","2024-11-21","2024-12-03 08:41:04","2024-12-03 08:42:09","5"
"6608","4624","3 Months Continuation","2024-11-30","2024-12-03 12:37:39","2024-12-03 12:38:05","7"
"6614","4759","3 Months Continuation","2024-11-20","2024-12-03 13:48:18","2024-12-03 13:49:14","17"
"6618","5031","3 Months Continuation","2024-11-22","2024-12-03 14:37:27","2024-12-03 14:37:37","17"
"6620","4697","3 Months Continuation","2024-11-09","2024-12-03 14:43:20","2024-12-03 14:43:42","17"
"6623","4701","3 Months Continuation","2024-11-16","2024-12-03 15:24:55","2024-12-03 15:25:08","17"
"6631","4546","3 Months Continuation","2024-11-16","2024-12-03 21:13:38","2024-12-03 21:14:37","13"
"6645","4875","3 Months Continuation","2024-12-07","2024-12-05 18:14:02","2024-12-05 18:14:08","13"
"6661","4491","3 Months Continuation","2025-02-08","2024-12-06 20:07:29","2024-12-06 20:07:29","24"
"6671","4689","3 Months Continuation","2024-12-14","2024-12-10 10:14:33","2024-12-10 10:15:13","24"
"6692","4514","3 Months Continuation","2024-12-07","2024-12-13 15:24:16","2024-12-13 15:24:41","27"
"6694","4593","3 Months Continuation","2024-11-30","2024-12-13 21:47:45","2024-12-13 21:49:29","23"
"6695","4729","3 Months Continuation","2024-11-30","2024-12-13 21:54:39","2024-12-13 21:55:08","23"
"6697","4011","3 Months Continuation","2024-11-01","2024-12-13 22:32:22","2024-12-13 22:33:33","23"
"6698","4010","3 Months Continuation","2024-11-29","2024-12-13 22:36:31","2024-12-13 22:36:58","23"
"6710","4769","3 Months Continuation","2024-12-13","2024-12-17 14:27:23","2024-12-17 14:28:03","24"
"6717","3968","3 Months Continuation","2024-12-07","2024-12-19 16:55:24","2024-12-19 16:56:11","19"
"6719","4275","3 Months Continuation","2025-01-03","2024-12-20 18:47:39","2024-12-20 18:48:49","25"
"6724","4844","3 Months Continuation","2025-01-03","2024-12-20 21:06:50","2024-12-20 21:06:50","23"
"6745","5023","3 Months Continuation","2025-01-16","2024-12-30 14:20:11","2024-12-30 14:20:47","11"
"6746","4909","3 Months Continuation","2025-01-03","2024-12-30 20:21:38","2025-01-02 20:51:15","28"
"6747","4821","3 Months Continuation","2025-01-10","2024-12-30 21:55:07","2024-12-30 21:56:11","22"
"6748","4822","3 Months Continuation","2025-01-10","2024-12-30 21:57:08","2024-12-30 21:57:23","22"
"6751","4771","3 Months Continuation","2024-12-21","2024-12-31 17:37:49","2024-12-31 17:38:15","19"
"6753","4874","3 Months Continuation","2024-12-13","2025-01-02 01:07:24","2025-01-02 01:07:36","13"
"6763","4830","3 Months Continuation","2025-01-03","2025-01-02 20:49:11","2025-01-02 20:50:06","28"
"6764","4793","3 Months Continuation","2025-01-03","2025-01-02 20:57:04","2025-01-02 20:57:24","28"
"6765","4908","3 Months Continuation","2025-01-03","2025-01-02 21:00:38","2025-01-02 21:00:57","28"
"6766","4962","3 Months Continuation","2025-01-03","2025-01-02 21:01:29","2025-01-02 21:10:33","28"
"6767","4785","3 Months Continuation","2025-01-04","2025-01-02 21:12:24","2025-01-02 21:12:37","28"
"6770","4843","3 Months Continuation","2025-01-03","2025-01-02 22:09:35","2025-01-02 22:10:51","23"
"6772","4664","3 Months Continuation","2025-01-18","2025-01-03 07:56:52","2025-01-12 04:54:36","5"
"6774","4811","3 Months Continuation","2025-01-08","2025-01-03 08:00:47","2025-01-23 14:29:56","5"
"6775","4812","3 Months Continuation","2025-01-09","2025-01-03 08:01:42","2025-01-09 22:06:57","5"
"6777","4805","3 Months Continuation","2025-01-11","2025-01-03 08:04:25","2025-01-12 04:50:12","5"
"6780","4828","3 Months Continuation","2025-01-04","2025-01-03 09:48:08","2025-01-03 09:48:42","24"
"6782","4847","3 Months Continuation","2025-01-04","2025-01-03 12:21:20","2025-02-14 22:26:30","2"
"6783","4675","3 Months Continuation","2025-01-03","2025-01-03 12:21:59","2025-01-03 12:21:59","2"
"6785","4784","3 Months Continuation","2025-01-04","2025-01-03 12:57:52","2025-01-04 11:12:37","2"
"6796","4786","3 Months Continuation","2025-01-03","2025-01-03 19:49:34","2025-01-03 19:50:01","28"
"6797","4907","3 Months Continuation","2025-01-03","2025-01-03 19:50:25","2025-01-03 19:50:35","28"
"6798","4791","3 Months Continuation","2025-01-03","2025-01-03 20:06:46","2025-01-03 20:06:55","28"
"6806","4906","3 Months Continuation","2025-01-03","2025-01-04 14:42:01","2025-01-04 14:42:18","28"
"6809","5017","3 Months Continuation","2025-01-03","2025-01-04 17:55:45","2025-01-04 17:56:23","23"
"6810","4790","3 Months Continuation","2025-01-04","2025-01-04 20:53:09","2025-01-04 20:53:31","28"
"6822","4814","3 Months Continuation","2025-01-03","2025-01-06 12:37:13","2025-01-08 14:30:27","24"
"6829","4810","3 Months Continuation","2025-01-10","2025-01-07 13:57:10","2025-01-10 12:23:25","24"
"6830","4809","3 Months Continuation","2025-01-04","2025-01-07 14:46:21","2025-01-10 12:23:40","24"
"6838","4765","3 Months Continuation","2025-01-11","2025-01-07 19:46:46","2025-01-07 19:47:01","4"
"6841","4910","3 Months Continuation","2025-01-10","2025-01-07 21:22:53","2025-01-07 21:23:09","28"
"6842","4799","3 Months Continuation","2025-01-11","2025-01-07 21:23:37","2025-01-07 22:36:20","28"
"6843","4911","3 Months Continuation","2025-01-11","2025-01-07 21:28:08","2025-01-07 21:28:23","28"
"6878","4258","3 Months Continuation","2025-01-18","2025-01-10 19:04:42","2025-01-10 19:05:02","4"
"6880","4928","3 Months Continuation","2025-01-11","2025-01-11 13:22:27","2025-01-11 13:22:57","28"
"6883","4851","3 Months Continuation","2025-01-11","2025-01-11 18:30:21","2025-02-28 18:38:43","2"
"6885","4931","3 Months Continuation","2025-01-24","2025-01-11 23:38:05","2025-01-11 23:38:18","4"
"6893","4823","3 Months Continuation","2025-01-04","2025-01-12 22:43:43","2025-01-12 22:44:39","24"
"6902","4877","3 Months Continuation","2025-01-11","2025-01-15 11:08:13","2025-01-15 11:08:35","22"
"6903","4819","3 Months Continuation","2025-01-17","2025-01-15 11:47:41","2025-01-15 11:48:13","22"
"6904","4820","3 Months Continuation","2025-01-17","2025-01-15 11:49:43","2025-01-15 11:50:04","22"
"6905","4834","3 Months Continuation","2025-01-17","2025-01-15 11:51:19","2025-01-15 11:51:31","22"
"6906","4281","3 Months Continuation","2025-01-18","2025-01-15 11:54:34","2025-01-15 11:54:57","22"
"6928","4825","3 Months Continuation","2025-01-11","2025-01-17 14:34:26","2025-01-17 14:34:50","24"
"6949","4842","3 Months Continuation","2025-01-11","2025-01-18 14:39:56","2025-01-18 14:40:35","23"
"6954","4831","3 Months Continuation","2025-01-18","2025-01-19 21:45:51","2025-01-19 21:46:34","28"
"6962","4772","3 Months Continuation","2025-01-24","2025-01-20 16:47:03","2025-01-20 16:47:15","22"
"6963","4773","3 Months Continuation","2025-01-24","2025-01-20 16:48:29","2025-01-20 16:48:56","22"
"6977","4456","3 Months Continuation","2025-02-07","2025-01-24 18:39:46","2025-01-24 18:40:25","25"
"6979","4680","3 Months Continuation","2024-11-21","2025-01-24 19:18:27","2025-01-24 19:19:19","20"
"6982","4852","3 Months Continuation","2025-01-14","2025-01-25 14:44:14","2025-01-25 14:44:29","7"
"6984","4839","3 Months Continuation","2025-01-25","2025-01-26 12:22:13","2025-01-26 12:23:09","23"
"6988","4735","3 Months Continuation","2025-01-25","2025-01-26 23:52:47","2025-01-26 23:52:53","7"
"7004","4327","3 Months Continuation","2025-01-10","2025-02-02 19:38:30","2025-02-02 19:38:49","13"
"7006","4584","3 Months Continuation","2025-01-11","2025-02-03 14:32:12","2025-02-03 14:32:24","6"
"7015","4881","3 Months Continuation","2025-01-09","2025-02-04 11:42:39","2025-02-04 11:42:56","9"
"7023","5115","3 Months Continuation","2025-02-07","2025-02-04 20:14:36","2025-02-04 20:15:32","28"
"7024","5116","3 Months Continuation","2025-02-07","2025-02-04 20:15:57","2025-02-04 20:16:14","28"
"7025","5114","3 Months Continuation","2025-02-07","2025-02-04 20:16:57","2025-02-04 20:19:07","28"
"7026","5111","3 Months Continuation","2025-02-07","2025-02-04 20:26:43","2025-02-04 20:26:57","28"
"7027","5100","3 Months Continuation","2025-02-07","2025-02-04 21:10:08","2025-02-04 21:10:51","28"
"7028","4800","3 Months Continuation","2025-01-24","2025-02-05 12:49:16","2025-02-05 12:50:14","19"
"7029","4801","3 Months Continuation","2025-01-24","2025-02-05 12:51:44","2025-02-05 12:51:58","19"
"7031","4903","3 Months Continuation","2025-02-07","2025-02-05 15:11:15","2025-02-05 15:11:31","19"
"7032","4905","3 Months Continuation","2025-01-10","2025-02-05 16:47:21","2025-02-05 16:47:48","19"
"7036","4762","3 Months Continuation","2025-02-22","2025-02-07 17:11:55","2025-02-28 16:55:01","17"
"7041","4982","3 Months Continuation","2025-02-07","2025-02-08 10:46:01","2025-02-08 10:46:12","4"
"7049","5066","3 Months Continuation","2025-02-07","2025-02-08 21:04:55","2025-02-08 21:05:06","28"
"7050","5067","3 Months Continuation","2025-02-07","2025-02-08 21:05:26","2025-02-08 21:05:34","28"
"7073","5010","3 Months Continuation","2025-02-08","2025-02-12 10:54:00","2025-02-12 10:54:13","9"
"7080","4918","3 Months Continuation","2025-01-24","2025-02-13 12:04:19","2025-02-13 12:05:30","24"
"7083","4994","3 Months Continuation","2025-01-18","2025-02-14 09:48:54","2025-02-14 09:50:32","5"
"7092","4833","3 Months Continuation","2025-02-15","2025-02-14 19:51:53","2025-02-14 19:52:13","28"
"7093","5110","3 Months Continuation","2025-02-15","2025-02-14 19:54:19","2025-02-14 19:54:34","28"
"7107","4999","3 Months Continuation","2025-02-15","2025-02-15 20:50:39","2025-02-15 20:50:52","28"
"7112","5109","3 Months Continuation","2025-02-15","2025-02-16 11:05:23","2025-02-16 11:05:53","28"
"7115","4961","3 Months Continuation","2025-02-08","2025-02-17 12:12:15","2025-02-17 12:13:27","23"
"7126","5084","3 Months Continuation","2025-02-21","2025-02-19 16:31:15","2025-02-19 16:31:29","22"
"7128","5030","3 Months Continuation","2025-02-08","2025-02-20 13:21:49","2025-02-20 13:30:19","17"
"7131","5036","3 Months Continuation","2025-01-08","2025-02-20 14:10:15","2025-02-20 14:10:27","17"
"7139","4795","3 Months Continuation","2025-01-25","2025-02-21 10:06:32","2025-02-21 10:08:04","5"
"7152","5094","3 Months Continuation","2025-02-21","2025-02-21 18:11:03","2025-02-22 12:05:34","29"
"7199","5071","3 Months Continuation","2025-02-22","2025-02-25 14:10:33","2025-02-25 14:10:58","7"
"7204","4856","3 Months Continuation","2025-02-08","2025-02-25 16:05:06","2025-02-25 16:05:17","7"
"7205","4857","3 Months Continuation","2025-02-08","2025-02-25 16:16:16","2025-02-25 16:16:36","7"
"7231","5099","3 Months Continuation","2025-02-15","2025-02-26 16:21:27","2025-02-26 16:21:42","17"
"7236","5038","3 Months Continuation","2025-03-01","2025-02-26 16:35:15","2025-02-26 16:35:15","17"
"7256","4901","3 Months Continuation","2025-03-21","2025-02-28 19:16:55","2025-02-28 19:17:23","25"
"7275","5065","3 Months Continuation","2025-03-01","2025-03-01 15:59:47","2025-03-01 16:00:23","11"
"7276","4788","3 Months Continuation","2025-03-01","2025-03-01 16:37:19","2025-03-01 16:37:41","3"
"7299","5144","3 Months Continuation","2025-02-27","2025-03-03 14:00:45","2025-03-03 14:01:42","2"
"7300","5257","3 Months Continuation","2025-03-06","2025-03-03 14:08:30","2025-03-03 14:08:30","2"
"7301","4940","3 Months Continuation","2025-02-21","2025-03-03 14:32:09","2025-03-03 14:32:09","2"
"7309","5491","3 Months Continuation","2025-02-13","2025-03-03 22:14:41","2025-03-03 22:14:41","5"
"7314","5139","3 Months Continuation","2025-03-01","2025-03-03 22:22:36","2025-03-03 22:22:36","5"
"7318","5262","3 Months Continuation","2025-03-06","2025-03-03 22:39:10","2025-03-03 22:39:10","5"
"7326","5121","3 Months Continuation","2025-03-08","2025-03-04 18:53:10","2025-03-04 18:53:22","7"
"7347","5117","3 Months Continuation","2025-03-13","2025-03-06 20:49:53","2025-03-07 18:00:45","29"
"7348","5118","3 Months Continuation","2025-03-13","2025-03-06 20:51:04","2025-03-07 18:00:57","29"
"7362","5142","3 Months Continuation","2025-02-28","2025-03-07 22:18:31","2025-03-07 22:20:04","24"
"7363","5143","3 Months Continuation","2025-03-07","2025-03-07 22:21:48","2025-03-07 22:21:59","24"
"7369","5290","3 Months Continuation","2025-03-07","2025-03-09 10:02:30","2025-03-09 10:02:42","28"
"7390","5003","3 Months Continuation","2025-03-14","2025-03-12 10:18:35","2025-03-12 10:19:03","22"
"7396","5228","3 Months Continuation","2025-02-08","2025-03-13 14:32:59","2025-03-13 14:38:09","20"
